tavg,tx,tn,rhavg,rhx,rhn,td,ddavg,ffavg,rr,lwavg,pavg,gSunRadavg,tgavg_5_cm,tgavg_10_cm,tgavg_30_cm,smavg_10_cm,smavg_30_cm,tavg50,tx50,tn50
1.5,1.7000000000000002,1.1,98.9,100.0,96.4,1.3,158.6,8.0,0.0,10,,,,,,,,,,
1.6,1.8,1.3,95.5,97.0,94.5,1.0,151.1,6.7,0.0,10,,,,,,,,,,
1.6,2.0,1.3,95.3,97.5,92.6,0.9,193.5,7.3,0.0,10,,,,,,,,,,
1.9,2.1,1.7000000000000002,93.1,94.6,91.0,0.9,174.4,8.5,0.0,10,,,,,,,,,,
2.0,2.1,1.9,91.7,92.4,91.0,0.8,173.3,11.3,0.0,10,,,,,,,,,,
2.1,2.3,1.9,91.3,92.5,89.2,0.8,166.1,10.4,0.0,10,,,,,,,,,,
2.1,2.3,2.0,90.7,91.8,89.4,0.7000000000000001,162.4,10.4,0.0,10,,,,,,,,,,
80.0,2.0,1.6,92.0,92.8,91.2,0.6000000000000001,126.1,7.8,0.0,10,,,,,,,,,,
1.9,2.5,1.2,91.8,95.0,89.6,0.7000000000000001,168.3,7.4,0.0,10,,,,,,,,,,
2.7,3.2,2.5,90.0,91.1,88.7,1.2,160.7,9.1,0.0,10,,,,,,,,,,
4.0,4.7,3.3,86.1,88.8,83.9,1.9,170.8,15.8,0.0,10,,,,,,,,,,
78.0,5.2,4.9,83.5,84.1,82.6,2.5,170.4,12.4,0.0,7,,,,,,,,,,
5.6,5.8,5.2,82.9,84.0,81.9,2.9,170.5,13.2,0.0,0,,,,,,,,,,
5.5,6.0,5.4,83.4,84.3,82.0,2.9,171.6,11.4,0.0,0,,,,,,,,,,
6.9,7.3,6.1,77.9,81.9,74.6,3.3,181.5,14.0,0.0,0,,,,,,,,,,
7.3,7.5,7.2,74.2,76.0,73.4,3.0,171.2,16.2,0.0,0,,,,,,,,,,
7.1,7.4,6.7,75.4,76.5,73.7,3.1,176.4,16.4,0.0,0,,,,,,,,,,
6.8,7.1,6.6,76.9,77.9,75.7,3.0,165.7,19.0,0.0,0,,,,,,,,,,
-25.0,7.5,6.8,75.4,76.8,73.6,3.3,174.5,14.6,0.0,0,,,,,,,,,,
6.7,7.1,6.5,77.4,78.8,75.8,3.0,162.9,14.2,0.0,0,,,,,,,,,,
6.4,6.7,6.3,79.1,79.9,77.5,3.1,184.6,14.1,0.0,0,,,,,,,,,,
7.1,7.5,6.8,75.1,76.7,72.4,3.0,172.1,14.1,0.0,0,,,,,,,,,,
-1.2,8.1,7.5,70.5,72.7,68.5,2.9,198.2,13.5,0.0,0,,,,,,,,,,
8.0,8.2,7.7,69.3,71.3,67.5,2.7,189.2,17.9,0.0,0,,,,,,,,,,
8.1,8.4,7.9,67.5,69.4,65.1,2.5,191.4,19.4,0.0,0,,,,,,,,,,
8.5,8.6,8.3,63.9,65.7,62.3,2.1,205.0,21.8,0.0,0,,,,,,,,,,
8.4,8.5,8.3,63.2,64.5,61.9,1.8,206.4,21.6,0.0,0,,,,,,,,,,
8.4,8.5,8.3,61.5,62.5,60.6,1.5,180.1,20.2,0.0,0,,,,,,,,,,
8.6,8.7,8.4,59.7,60.7,58.8,1.2,178.5,18.4,0.0,0,,,,,,,,,,
90.0,8.7,8.5,59.9,61.0,58.6,1.3,203.2,25.5,0.0,0,,,,,,,,,,
8.7,8.8,8.6,60.2,60.7,59.3,1.4,198.5,25.3,0.0,0,,,,,,,,,,
8.7,8.8,8.6,62.5,64.0,60.9,2.0,186.0,24.9,0.0,0,,,,,,,,,,
8.8,8.8,8.7,65.1,66.2,63.8,2.6,199.8,23.1,0.0,0,,,,,,,,,,
8.8,8.8,8.7,67.0,67.5,66.3,3.0,190.1,24.6,0.0,0,,,,,,,,,,
50.0,8.8,8.7,68.3,69.0,67.3,3.2,173.8,22.4,0.0,0,,,,,,,,,,
8.7,8.8,8.6,69.0,69.9,68.5,3.3,189.2,24.4,0.0,0,,,,,,,,,,
8.7,8.8,8.6,69.6,70.5,68.7,3.5,196.1,26.5,0.0,0,,,,,,,,,,
8.6,8.7,8.6,71.4,72.4,70.5,3.7,185.2,30.2,0.0,0,,,,,,,,,,
8.5,8.8,8.1,75.3,80.6,71.8,4.4,193.7,28.8,0.0,1,,,,,,,,,,
45.0,8.2,7.6,82.8,87.0,80.3,5.3,192.7,23.9,0.0,10,,,,,,,,,,
8.2,8.6,7.7,82.0,86.2,78.1,5.3,200.0,27.8,0.0,2,,,,,,,,,,
8.8,8.9,8.5,77.4,79.1,76.3,5.1,196.0,23.8,0.0,0,,,,,,,,,,
8.9,8.9,8.7,77.6,79.7,76.3,5.2,219.1,23.1,0.0,0,,,,,,,,,,
9.2,9.4,9.0,75.7,77.8,74.3,5.1,192.2,24.5,0.0,0,,,,,,,,,,
9.5,9.6,9.4,74.2,75.3,73.2,5.1,198.5,27.4,0.0,0,,,,,,,,,,
9.6,9.8,9.3,74.3,76.0,73.3,5.3,185.5,26.1,0.0,0,,,,,,,,,,
9.7,9.8,9.6,74.2,74.5,73.8,5.3,181.4,27.9,0.0,0,,,,,,,,,,
9.6,9.8,9.4,75.8,77.6,74.3,5.6,192.3,25.6,0.0,1,,,,,,,,,,
9.9,10.0,9.7,73.6,76.0,72.4,5.4,212.0,27.4,0.0,0,,,,,,,,,,
42.5,10.2,10.0,71.7,72.4,71.2,5.2,192.5,27.2,0.0,0,,,,,,,,,,
10.2,10.3,10.0,71.3,72.0,70.2,5.3,171.1,23.0,0.0,0,,,,,,,,,,
10.1,10.2,10.0,72.1,72.9,71.4,5.3,194.0,22.3,0.0,0,,,,,,,,,,
10.0,10.2,9.9,73.1,73.9,72.1,5.4,185.8,20.3,0.0,0,,,,,,,,,,
9.6,9.9,9.5,75.1,76.1,73.5,5.4,183.7,18.9,0.0,0,,,,,,,,,,
9.3,9.5,9.2,76.5,77.3,75.8,5.4,176.8,18.2,0.0,0,,,,,,,,,,
9.5,9.7,9.4,75.9,76.6,75.2,5.5,185.6,21.1,0.0,0,,,,,,,,,,
9.7,9.8,9.6,75.6,76.0,74.9,5.6,178.5,22.4,0.0,0,,,,,,,,,,
9.7,9.9,9.5,76.7,77.3,76.1,5.8,176.9,19.4,0.0,0,,,,,,,,,,
10.1,10.4,9.9,75.8,76.4,75.1,6.0,184.2,20.4,0.0,0,,,,,,,,,,
10.7,10.8,10.5,74.4,74.8,73.9,6.3,184.6,19.7,0.0,0,,,,,,,,,,
11.0,11.3,10.8,73.6,74.2,72.9,6.5,181.5,22.0,0.0,0,,,,,,,,,,
11.6,11.8,11.3,72.3,73.0,71.6,6.8,185.0,22.8,0.0,0,,,,,,,,,,
12.1,12.3,11.7,70.8,71.7,70.0,7.0,193.2,21.5,0.0,0,,,,,,,,,,
12.7,12.9,12.3,68.7,69.9,67.8,7.1,198.8,18.1,0.0,0,,,,,,,,,,
12.8,13.1,12.6,68.1,68.9,66.9,7.1,205.4,15.3,0.0,0,,,,,,,,,,
8.0,12.9,12.6,67.2,68.5,66.3,6.9,190.5,21.7,0.0,0,,,,,,,,,,
12.8,13.0,12.7,65.7,66.8,64.7,6.6,218.7,17.3,0.0,0,,,,,,,,,,
12.9,13.1,12.7,64.6,65.2,63.7,6.4,207.9,19.3,0.0,0,,,,,,,,,,
12.7,12.9,12.5,64.9,65.6,64.3,6.3,228.2,20.9,0.0,0,,,,,,,,,,
12.4,12.6,12.2,65.4,65.8,65.1,6.1,193.4,18.6,0.0,0,,,,,,,,,,
12.0,12.2,11.9,65.5,65.9,64.8,5.8,204.6,23.5,0.0,0,,,,,,,,,,
11.6,11.9,11.3,66.1,66.7,65.3,5.5,216.2,17.5,0.0,0,,,,,,,,,,
11.0,11.4,10.8,67.3,67.9,66.2,5.2,171.3,20.0,0.0,0,,,,,,,,,,
10.7,10.8,10.5,67.6,68.0,67.2,5.0,209.6,16.5,0.0,0,,,,,,,,,,
10.4,10.6,10.3,68.8,69.6,67.8,4.9,202.0,18.6,0.0,0,,,,,,,,,,
10.2,10.4,10.0,70.0,70.6,69.2,5.0,183.1,21.1,0.0,0,,,,,,,,,,
10.1,10.1,10.0,70.1,70.7,69.8,4.9,205.9,19.7,0.0,0,,,,,,,,,,
10.0,10.1,9.9,70.4,70.8,70.1,4.9,184.7,19.4,0.0,0,,,,,,,,,,
10.1,10.2,9.9,69.9,70.4,69.4,4.9,197.0,19.6,0.0,0,,,,,,,,,,
10.2,10.4,10.1,68.7,69.5,67.3,4.7,186.2,19.5,0.0,0,,,,,,,,,,
10.3,10.4,10.1,68.4,69.3,67.2,4.8,191.6,19.8,0.0,0,,,,,,,,,,
10.1,10.4,10.0,69.7,70.9,68.3,4.8,176.5,18.2,0.0,0,,,,,,,,,,
10.2,10.3,10.1,70.3,71.0,69.5,5.1,188.8,18.9,0.0,0,,,,,,,,,,
75.0,10.3,10.0,71.0,71.8,70.2,5.1,180.0,20.7,0.0,0,,,,,,,,,,
10.2,10.3,10.1,71.5,72.4,70.7,5.3,203.0,19.0,0.0,0,,,,,,,,,,
10.3,10.6,10.1,70.8,71.9,69.2,5.2,164.3,18.9,0.0,0,,,,,,,,,,
10.4,10.6,10.2,70.6,72.0,69.6,5.3,178.9,16.5,0.0,0,,,,,,,,,,
10.4,10.6,10.1,71.2,72.4,70.4,5.4,198.1,16.0,0.0,0,,,,,,,,,,
10.7,11.1,10.4,69.3,71.4,67.5,5.3,196.5,19.9,0.0,0,,,,,,,,,,
10.8,11.0,10.6,68.6,69.4,67.8,5.3,208.1,18.5,0.0,0,,,,,,,,,,
10.8,10.9,10.6,68.0,68.6,67.1,5.1,193.5,17.8,0.0,0,,,,,,,,,,
10.8,10.9,10.6,66.9,67.8,66.2,4.9,217.6,19.8,0.0,0,,,,,,,,,,
11.0,11.2,10.7,66.6,67.4,65.8,5.0,210.5,19.5,0.0,0,,,,,,,,,,
10.7,10.9,10.5,68.6,69.5,67.4,5.2,196.9,17.2,0.0,0,,,,,,,,,,
10.4,10.5,10.2,70.2,71.1,69.1,5.2,222.4,14.6,0.0,0,,,,,,,,,,
10.3,10.5,10.2,69.9,70.9,68.4,5.1,203.4,15.0,0.0,0,,,,,,,,,,
10.5,10.6,10.4,69.0,69.8,68.4,5.1,207.5,18.4,0.0,0,,,,,,,,,,
10.4,10.6,10.3,68.6,69.7,67.9,4.9,190.4,18.5,0.0,0,,,,,,,,,,
10.2,10.3,10.0,67.5,68.2,67.2,4.5,190.9,14.8,0.0,0,,,,,,,,,,
9.9,10.2,9.6,68.4,70.4,67.2,4.4,202.8,13.6,0.0,0,,,,,,,,,,
9.5,9.7,9.3,70.9,71.3,70.0,4.5,192.0,8.0,0.0,0,,,,,,,,,,
8.9,9.4,8.6,72.1,73.1,70.5,4.2,186.4,6.9,0.0,0,,,,,,,,,,
8.7,9.0,8.6,71.6,72.2,70.8,3.9,197.3,6.3,0.0,0,,,,,,,,,,
8.9,9.1,8.6,70.6,71.5,69.7,3.9,241.7,7.4,0.0,0,,,,,,,,,,
8.9,9.1,8.5,70.1,72.0,68.7,3.8,190.7,8.4,0.0,0,,,,,,,,,,
9.6,9.9,9.2,66.8,68.4,65.5,3.8,179.3,9.7,0.0,0,,,,,,,,,,
10.1,10.3,9.9,64.8,65.5,64.0,3.8,168.0,10.8,0.0,0,,,,,,,,,,
10.6,10.9,10.4,63.0,63.7,61.9,3.9,172.9,11.1,0.0,0,,,,,,,,,,
11.3,11.5,11.0,60.8,61.7,59.6,4.0,201.7,14.8,0.0,0,,,,,,,,,,
11.6,11.9,11.4,59.2,60.1,58.5,3.9,156.3,13.2,0.0,0,,,,,,,,,,
12.2,12.4,11.9,57.6,59.0,56.1,4.1,191.4,10.7,0.0,0,,,,,,,,,,
12.8,13.4,12.3,56.0,56.9,54.5,4.3,176.8,8.4,0.0,0,,,,,,,,,,
12.9,13.1,12.7,55.7,56.5,54.7,4.3,197.2,8.0,0.0,0,,,,,,,,,,
13.2,13.5,13.0,54.8,56.0,53.7,4.3,189.3,8.1,0.0,0,,,,,,,,,,
13.5,13.8,13.0,55.1,56.7,53.6,4.7,251.8,5.1,0.0,0,,,,,,,,,,
13.6,13.9,13.3,54.9,57.4,51.9,4.7,209.6,6.9,0.0,0,,,,,,,,,,
14.3,14.6,14.0,49.6,51.2,46.9,3.9,197.6,6.0,0.0,0,,,,,,,,,,
14.0,14.7,13.4,51.0,53.0,47.5,4.0,182.3,9.5,0.0,0,,,,,,,,,,
13.6,14.0,13.1,51.5,52.8,49.9,3.8,156.0,6.4,0.0,0,,,,,,,,,,
13.3,13.9,12.5,54.7,58.7,50.4,4.4,130.3,5.1,0.0,0,,,,,,,,,,
11.9,12.4,11.1,59.7,62.5,57.9,4.3,160.9,4.9,0.0,0,,,,,,,,,,
11.0,11.3,10.8,62.7,63.3,61.7,4.2,192.1,7.0,0.0,0,,,,,,,,,,
10.6,10.8,10.2,63.3,64.4,62.3,3.9,187.6,7.8,0.0,0,,,,,,,,,,
10.5,10.8,10.0,63.1,65.1,61.4,3.8,189.2,7.5,0.0,0,,,,,,,,,,
10.1,10.4,9.7,65.2,66.5,63.8,3.9,189.1,8.5,0.0,0,,,,,,,,,,
9.5,9.7,9.3,68.0,68.6,67.3,3.9,185.5,7.1,0.0,0,,,,,,,,,,
9.0,9.5,8.5,70.0,71.8,68.2,3.8,164.5,7.7,0.0,0,,,,,,,,,,
8.6,8.9,8.3,71.9,73.4,70.8,3.8,266.5,6.4,0.0,0,,,,,,,,,,
8.1,9.3,6.7,73.9,79.8,69.5,3.7,165.4,3.9,0.0,0,,,,,,,,,,
8.1,8.9,7.4,74.1,77.6,69.7,3.8,196.6,7.1,0.0,0,,,,,,,,,,
7.6,8.3,7.0,75.1,78.7,72.0,3.5,185.6,6.7,0.0,0,,,,,,,,,,
7.3,7.7,6.5,76.1,79.2,74.6,3.4,154.6,4.8,0.0,0,,,,,,,,,,
6.5,7.4,5.5,79.6,84.1,75.8,3.2,311.0,4.7,0.0,1,,,,,,,,,,
6.3,7.0,5.6,81.0,84.2,77.7,3.3,137.2,3.4,0.0,6,,,,,,,,,,
5.8,6.7,5.0,82.4,84.1,79.6,3.0,284.3,3.0,0.0,9,,,,,,,,,,
5.1,5.3,4.9,80.6,84.5,79.0,2.1,146.7,4.5,0.0,2,,,,,,,,,,
4.6,5.6,3.4,87.6,92.5,83.6,2.7,189.2,6.9,0.0,10,,,,,,,,,,
5.5,5.8,5.2,83.8,86.2,81.7,3.0,145.3,6.4,0.0,3,,,,,,,,,,
4.9,5.4,4.5,85.6,87.8,82.7,2.7,223.7,3.5,0.0,10,,,,,,,,,,
5.1,5.6,4.5,84.7,88.6,81.5,2.7,170.6,5.1,0.0,10,,,,,,,,,,
5.5,5.8,5.2,81.2,82.3,79.8,2.5,169.7,6.2,0.0,1,,,,,,,,,,
5.6,5.7,5.3,80.4,81.6,79.7,2.5,180.1,7.6,0.0,1,,,,,,,,,,
5.8,6.1,5.6,78.5,80.4,75.8,2.4,159.2,8.0,0.0,0,,,,,,,,,,
5.8,6.1,5.0,76.0,80.7,74.1,1.9,183.2,8.7,0.0,0,,,,,,,,,,
6.2,6.7,5.6,73.5,76.0,71.4,1.8,162.1,10.0,0.0,0,,,,,,,,,,
6.4,6.7,6.1,73.1,74.4,72.1,2.0,134.7,9.6,0.0,0,,,,,,,,,,
5.8,6.4,5.2,76.6,78.7,74.1,2.0,171.6,10.2,0.0,0,,,,,,,,,,
6.6,7.2,6.2,76.1,77.5,74.6,2.7,182.7,8.9,0.0,0,,,,,,,,,,
7.6,7.9,7.0,74.6,76.8,73.5,3.4,185.7,16.8,0.0,0,,,,,,,,,,
7.8,7.9,7.6,74.8,76.0,74.2,3.6,194.8,12.9,0.0,0,,,,,,,,,,
7.9,8.0,7.8,74.7,75.1,74.3,3.7,193.9,15.3,0.0,0,,,,,,,,,,
8.0,8.2,7.8,74.4,75.3,73.4,3.7,168.7,13.7,0.0,0,,,,,,,,,,
8.1,8.5,7.7,74.7,76.1,73.9,3.9,196.4,12.7,0.0,0,,,,,,,,,,
8.9,9.3,8.5,73.0,73.9,71.7,4.3,198.6,16.4,0.0,0,,,,,,,,,,
9.3,9.4,9.1,72.3,73.0,71.7,4.6,177.2,16.9,0.0,0,,,,,,,,,,
9.7,9.8,9.4,70.7,71.7,70.2,4.7,179.4,13.3,0.0,0,,,,,,,,,,
9.2,9.9,8.3,73.0,76.8,70.0,4.6,114.9,10.8,0.0,0,,,,,,,,,,
8.8,8.9,8.5,75.1,75.8,74.5,4.6,147.4,8.5,0.0,0,,,,,,,,,,
9.2,9.4,8.9,74.2,75.2,73.2,4.9,164.8,8.2,0.0,0,,,,,,,,,,
9.5,9.8,9.2,73.9,74.6,73.0,5.1,171.3,12.1,0.0,0,,,,,,,,,,
10.0,10.1,9.7,73.1,74.1,72.4,5.4,182.0,16.6,0.0,0,,,,,,,,,,
10.3,10.3,10.2,72.4,72.9,72.1,5.6,195.5,14.0,0.0,0,,,,,,,,,,
10.5,10.6,10.3,72.4,72.8,71.8,5.8,184.9,10.9,0.0,0,,,,,,,,,,
10.6,10.7,10.6,73.4,74.2,72.8,6.1,150.5,7.7,0.0,0,,,,,,,,,,
10.5,10.6,10.4,74.8,75.9,74.1,6.2,191.3,6.9,0.0,0,,,,,,,,,,
10.3,10.4,10.1,75.3,76.8,74.0,6.1,182.0,6.1,0.0,0,,,,,,,,,,
10.2,10.3,10.1,73.7,75.4,72.3,5.7,132.6,5.6,0.0,0,,,,,,,,,,
10.2,10.4,10.1,73.4,74.0,73.0,5.7,168.4,9.0,0.0,0,,,,,,,,,,
10.3,10.5,10.2,73.7,74.5,73.0,5.8,168.6,10.3,0.0,0,,,,,,,,,,
10.2,10.3,10.1,74.4,75.0,73.9,5.9,171.4,13.4,0.0,0,,,,,,,,,,
10.2,10.3,10.1,75.0,75.5,74.5,6.0,151.8,13.2,0.0,0,,,,,,,,,,
10.1,10.2,9.9,75.6,76.2,74.9,6.0,147.2,8.5,0.0,0,,,,,,,,,,
9.5,9.9,9.4,76.8,77.8,76.0,5.6,142.0,7.3,0.0,0,,,,,,,,,,
9.3,9.4,9.2,76.6,77.2,75.6,5.4,131.1,6.6,0.0,0,,,,,,,,,,
9.3,9.4,9.1,74.7,75.8,73.5,5.1,142.3,6.1,0.0,0,,,,,,,,,,
9.4,9.5,9.3,70.8,72.5,68.6,4.4,133.1,7.3,0.0,0,,,,,,,,,,
9.4,9.5,9.2,67.8,68.5,66.7,3.8,129.8,7.4,0.0,0,,,,,,,,,,
9.3,9.4,9.2,66.5,67.0,65.6,3.4,125.5,5.1,0.0,0,,,,,,,,,,
9.1,9.3,8.8,66.4,67.8,65.4,3.2,111.4,5.5,0.0,0,,,,,,,,,,
9.3,9.6,9.0,62.7,65.7,60.5,2.6,146.2,9.2,0.0,0,,,,,,,,,,
9.4,9.7,9.2,61.6,63.0,60.0,2.4,155.5,8.3,0.0,0,,,,,,,,,,
9.2,9.4,9.1,62.9,64.3,61.8,2.5,146.2,6.2,0.0,0,,,,,,,,,,
9.1,9.3,8.8,63.6,65.1,62.6,2.6,165.9,4.3,0.0,0,,,,,,,,,,
9.2,9.6,8.9,63.4,64.9,61.9,2.6,158.3,5.6,0.0,0,,,,,,,,,,
9.3,9.6,9.0,63.5,64.7,62.3,2.8,161.3,7.8,0.0,0,,,,,,,,,,
9.6,9.7,9.4,62.8,63.6,62.2,2.9,144.7,6.3,0.0,0,,,,,,,,,,
9.6,9.9,9.4,63.3,63.9,62.2,3.0,207.7,2.6,0.0,1,,,,,,,,,,
9.5,9.8,9.3,63.5,64.3,62.6,2.9,143.0,1.1,0.0,1,,,,,,,,,,
9.7,9.8,9.4,65.0,66.9,63.0,3.5,95.5,3.7,0.0,4,,,,,,,,,,
9.5,9.6,9.4,67.5,68.2,66.4,3.8,24.5,3.3,0.0,3,,,,,,,,,,
8.6,9.2,8.1,71.5,74.3,68.6,3.8,59.5,1.5,0.0,10,,,,,,,,,,
7.8,8.2,7.5,75.3,78.9,72.9,3.7,94.4,1.8,0.0,1,,,,,,,,,,
7.6,7.9,7.4,76.9,80.2,73.7,3.8,42.1,1.1,0.0,0,,,,,,,,,,
7.2,7.7,6.6,79.9,83.4,75.9,4.0,136.6,2.0,0.0,1,,,,,,,,,,
7.3,7.7,6.5,78.8,83.8,75.8,3.9,297.1,3.1,0.0,1,,,,,,,,,,
6.4,6.6,6.1,85.7,87.3,84.6,4.2,337.8,2.0,0.0,9,,,,,,,,,,
5.7,6.3,5.4,91.5,94.1,87.8,4.4,262.4,5.0,0.0,10,,,,,,,,,,
5.5,5.5,5.4,94.6,96.2,93.6,4.7,296.2,5.9,0.0,10,,,,,,,,,,
5.5,5.7,5.3,96.7,98.4,95.9,5.0,236.6,4.3,0.2,9,,,,,,,,,,
5.2,5.3,5.1,99.1,99.8,98.5,5.1,298.6,3.0,0.4,9,,,,,,,,,,
5.2,5.3,5.2,100.0,100.0,99.8,5.2,350.9,2.1,0.2,9,,,,,,,,,,
5.2,5.3,5.2,100.0,100.0,100.0,5.2,301.9,1.5,0.6000000000000001,9,,,,,,,,,,
5.1,5.2,5.0,100.0,100.0,100.0,5.1,315.9,3.4,0.4,10,,,,,,,,,,
5.1,5.1,5.0,100.0,100.0,100.0,5.1,214.8,2.2,0.8,9,,,,,,,,,,
5.2,5.4,5.1,100.0,100.0,100.0,5.2,341.6,3.2,0.8,9,,,,,,,,,,
5.3,5.4,5.2,100.0,100.0,100.0,5.3,312.1,5.3,1.0,10,,,,,,,,,,
5.3,5.4,5.2,100.0,100.0,100.0,5.3,225.0,4.9,0.4,10,,,,,,,,,,
5.4,5.5,5.3,100.0,100.0,100.0,5.4,321.7,4.3,0.8,9,,,,,,,,,,
5.6,5.7,5.5,100.0,100.0,100.0,5.6,179.4,3.9,1.2,10,,,,,,,,,,
5.5,5.7,5.5,100.0,100.0,100.0,5.5,346.7,3.7,1.2,9,,,,,,,,,,
5.4,5.5,5.4,100.0,100.0,100.0,5.4,327.2,5.0,1.6,9,,,,,,,,,,
5.4,5.4,5.4,100.0,100.0,100.0,5.4,300.8,3.9,1.8,9,,,,,,,,,,
5.5,5.5,5.4,100.0,100.0,100.0,5.5,331.2,3.2,1.6,8,,,,,,,,,,
5.5,5.6,5.5,100.0,100.0,100.0,5.5,21.1,4.1,1.8,8,,,,,,,,,,
5.5,5.6,5.3,100.0,100.0,100.0,5.5,346.4,4.3,2.6,8,,,,,,,,,,
5.1,5.3,5.0,100.0,100.0,100.0,5.1,343.2,5.1,1.6,8,,,,,,,,,,
4.9,5.0,4.8,100.0,100.0,100.0,4.9,312.6,6.3,1.0,8,,,,,,,,,,
4.8,4.8,4.8,100.0,100.0,100.0,4.8,331.8,4.7,1.6,7,,,,,,,,,,
4.8,4.9,4.8,100.0,100.0,100.0,4.8,13.3,4.2,0.8,7,,,,,,,,,,
4.8,4.9,4.8,100.0,100.0,100.0,4.8,16.5,4.6,1.2,8,,,,,,,,,,
4.8,4.8,4.8,100.0,100.0,100.0,4.8,1.4,3.9,0.8,7,,,,,,,,,,
4.8,4.8,4.8,100.0,100.0,100.0,4.8,358.1,4.5,0.6000000000000001,7,,,,,,,,,,
4.7,4.8,4.6,100.0,100.0,100.0,4.7,292.1,7.8,0.2,7,,,,,,,,,,
4.5,4.6,4.5,100.0,100.0,100.0,4.5,315.8,6.6,0.4,7,,,,,,,,,,
4.4,4.5,4.3,100.0,100.0,100.0,4.4,263.6,6.8,0.4,7,,,,,,,,,,
4.3,4.3,4.3,100.0,100.0,100.0,4.3,348.5,5.3,0.8,7,,,,,,,,,,
4.3,4.3,4.3,100.0,100.0,100.0,4.3,290.1,5.8,0.6000000000000001,7,,,,,,,,,,
4.3,4.4,4.3,100.0,100.0,100.0,4.3,299.8,4.1,0.2,7,,,,,,,,,,
4.4,4.5,4.4,100.0,100.0,100.0,4.4,312.7,4.2,0.4,7,,,,,,,,,,
4.5,4.5,4.5,100.0,100.0,100.0,4.5,310.0,4.2,0.4,7,,,,,,,,,,
4.5,4.5,4.5,100.0,100.0,100.0,4.5,293.9,4.1,0.2,7,,,,,,,,,,
4.5,4.5,4.4,100.0,100.0,100.0,4.5,21.6,3.7,0.4,7,,,,,,,,,,
4.4,4.5,4.3,100.0,100.0,100.0,4.4,21.0,3.9,0.2,7,,,,,,,,,,
4.2,4.3,4.2,100.0,100.0,100.0,4.2,315.9,7.7,0.2,7,,,,,,,,,,
4.2,4.2,4.2,100.0,100.0,100.0,4.2,295.1,5.1,0.4,8,,,,,,,,,,
4.2,4.2,4.1,100.0,100.0,100.0,4.2,321.7,4.3,0.2,8,,,,,,,,,,
4.1,4.1,4.1,100.0,100.0,100.0,4.1,313.1,3.0,0.4,7,,,,,,,,,,
4.1,4.1,4.1,100.0,100.0,100.0,4.1,296.8,3.2,0.4,8,,,,,,,,,,
4.0,4.1,4.0,100.0,100.0,100.0,4.0,279.1,3.7,0.8,7,,,,,,,,,,
4.0,4.0,4.0,100.0,100.0,100.0,4.0,312.3,4.7,1.2,7,,,,,,,,,,
3.9,4.0,3.9,100.0,100.0,100.0,3.9,280.7,5.7,0.8,7,,,,,,,,,,
3.8,3.9,3.7,100.0,100.0,100.0,3.8,319.2,8.3,1.2,6,,,,,,,,,,
3.6,3.7,3.4,100.0,100.0,100.0,3.6,335.3,8.6,1.4,6,,,,,,,,,,
3.4,3.5,3.3,100.0,100.0,100.0,3.4,358.0,7.7,1.0,7,,,,,,,,,,
3.1,3.3,3.0,100.0,100.0,100.0,3.1,358.2,5.6,1.2,7,,,,,,,,,,
2.9,3.0,2.8,100.0,100.0,100.0,2.9,307.5,6.0,1.0,6,,,,,,,,,,
2.6,2.8,2.5,100.0,100.0,100.0,2.6,349.6,6.6,0.4,7,,,,,,,,,,
2.4,2.4,2.3,100.0,100.0,100.0,2.4,341.1,7.8,0.4,7,,,,,,,,,,
2.2,2.3,2.1,100.0,100.0,100.0,2.2,341.9,6.8,0.6000000000000001,8,,,,,,,,,,
2.0,2.1,2.0,100.0,100.0,100.0,2.0,5.4,9.5,0.2,8,,,,,,,,,,
1.9,2.0,1.8,100.0,100.0,100.0,1.9,356.9,9.3,0.2,9,,,,,,,,,,
1.7000000000000002,1.8,1.6,100.0,100.0,100.0,1.7000000000000002,335.4,7.4,0.0,9,,,,,,,,,,
1.6,1.6,1.5,100.0,100.0,100.0,1.6,12.8,6.6,0.0,9,,,,,,,,,,
1.5,1.6,1.4,100.0,100.0,100.0,1.5,346.1,7.8,0.2,9,,,,,,,,,,
1.3,1.5,1.2,100.0,100.0,100.0,1.3,348.0,5.8,0.2,9,,,,,,,,,,
1.2,1.3,1.1,100.0,100.0,100.0,1.2,358.7,5.6,0.0,9,,,,,,,,,,
1.0,1.1,0.8,100.0,100.0,100.0,1.0,17.9,7.3,0.2,9,,,,,,,,,,
0.7000000000000001,0.8,0.7000000000000001,100.0,100.0,100.0,0.7000000000000001,1.6,6.4,0.2,9,,,,,,,,,,
0.6000000000000001,0.7000000000000001,0.4,100.0,100.0,100.0,0.6000000000000001,359.1,5.3,0.2,9,,,,,,,,,,
0.4,0.5,0.4,100.0,100.0,100.0,0.4,13.3,6.6,0.2,8,,,,,,,,,,
0.30000000000000004,0.4,0.2,100.0,100.0,100.0,0.30000000000000004,11.6,8.2,0.0,10,,,,,,,,,,
0.2,0.2,0.1,100.0,100.0,100.0,0.2,357.5,8.1,0.2,10,,,,,,,,,,
0.1,0.2,0.1,100.0,100.0,100.0,0.1,343.7,6.1,0.0,10,,,,,,,,,,
0.0,0.1,0.0,100.0,100.0,100.0,0.0,342.6,4.7,0.0,10,,,,,,,,,,
0.0,0.0,-0.1,100.0,100.0,100.0,0.0,62.6,5.8,0.0,10,,,,,,,,,,
-0.1,0.0,-0.1,100.0,100.0,100.0,-0.1,340.5,5.2,0.0,10,,,,,,,,,,
-0.2,-0.1,-0.30000000000000004,100.0,100.0,100.0,-0.2,28.2,0.6000000000000001,0.0,10,,,,,,,,,,
-0.30000000000000004,-0.2,-0.30000000000000004,100.0,100.0,100.0,-0.30000000000000004,30.8,0.0,0.0,10,,,,,,,,,,
-0.30000000000000004,-0.30000000000000004,-0.30000000000000004,100.0,100.0,100.0,-0.30000000000000004,28.4,0.0,0.0,10,,,,,,,,,,
-0.30000000000000004,-0.2,-0.30000000000000004,100.0,100.0,100.0,-0.30000000000000004,28.5,0.0,0.0,9,,,,,,,,,,
-0.2,-0.1,-0.2,98.6,99.7,97.6,-0.4,26.2,0.0,0.0,9,,,,,,,,,,
-0.1,-0.1,-0.2,97.8,98.2,97.2,-0.4,26.2,0.0,0.0,9,,,,,,,,,,
-0.1,0.0,-0.1,97.1,97.5,96.8,-0.5,22.4,0.0,0.0,9,,,,,,,,,,
0.0,0.0,-0.1,96.5,97.3,95.7,-0.5,34.4,0.0,0.0,9,,,,,,,,,,
0.1,0.1,0.0,94.2,95.7,92.5,-0.7000000000000001,41.4,0.0,0.0,9,,,,,,,,,,
0.1,0.1,0.0,92.1,93.0,91.2,-1.0,21.7,0.0,0.0,9,,,,,,,,,,
0.0,0.1,0.0,90.6,90.9,89.7,-1.3,38.4,0.0,0.0,9,,,,,,,,,,
-0.1,0.0,-0.1,89.5,90.8,87.8,-1.6,17.5,0.0,0.0,8,,,,,,,,,,
-0.2,-0.1,-0.30000000000000004,88.4,89.3,87.8,-1.9,30.0,0.0,0.0,8,,,,,,,,,,
-0.4,-0.30000000000000004,-0.5,87.4,88.3,86.2,-2.2,65.8,0.0,0.0,7,,,,,,,,,,
-0.5,-0.5,-0.6000000000000001,87.1,87.9,86.7,-2.4,37.0,0.0,0.0,6,,,,,,,,,,
-0.6000000000000001,-0.6000000000000001,-0.7000000000000001,86.5,87.2,85.7,-2.6,16.8,0.0,0.0,6,,,,,,,,,,
-0.7000000000000001,-0.6000000000000001,-0.7000000000000001,84.9,85.8,83.6,-2.9,24.4,0.0,0.0,5,,,,,,,,,,
-0.8,-0.7000000000000001,-0.9,83.3,85.1,81.7,-3.3,327.4,0.0,0.0,5,,,,,,,,,,
-0.9,-0.9,-0.9,82.2,83.2,81.3,-3.5,56.8,0.0,0.0,4,,,,,,,,,,
-1.0,-1.0,-1.0,82.9,83.7,81.8,-3.5,9.8,0.0,0.0,4,,,,,,,,,,
-1.0,-1.0,-1.1,81.7,82.5,80.4,-3.7,339.7,0.0,0.0,4,,,,,,,,,,
-1.1,-1.0,-1.2,80.9,81.5,80.2,-4.0,21.4,0.0,0.0,4,,,,,,,,,,
-1.2,-1.1,-1.4,80.1,81.3,79.6,-4.2,352.7,0.0,0.0,3,,,,,,,,,,
-1.5,-1.4,-1.6,80.6,81.4,79.2,-4.4,92.3,0.0,0.0,3,,,,,,,,,,
-1.7000000000000002,-1.6,-1.8,80.5,81.0,79.9,-4.6,132.3,0.0,0.0,3,,,,,,,,,,
-1.9,-1.8,-2.0,80.4,81.1,79.7,-4.8,17.9,0.0,0.0,3,,,,,,,,,,
-2.0,-1.9,-2.0,80.7,81.8,79.8,-4.9,17.1,0.0,0.0,3,,,,,,,,,,
-2.1,-2.0,-2.2,81.1,82.1,79.7,-4.9,47.9,0.0,0.0,2,,,,,,,,,,
-2.3,-2.2,-2.4,82.1,83.8,80.7,-4.9,24.5,0.0,0.0,2,,,,,,,,,,
-2.5,-2.4,-2.5,85.7,86.9,83.8,-4.6,358.2,0.0,0.0,2,,,,,,,,,,
-2.4,-2.4,-2.5,84.2,86.1,83.2,-4.7,28.7,0.0,0.0,2,,,,,,,,,,
-2.3,-2.3,-2.4,83.0,83.8,81.4,-4.8,359.4,0.0,0.0,2,,,,,,,,,,
-2.3,-2.3,-2.4,82.1,83.1,81.2,-4.9,11.3,0.0,0.0,2,,,,,,,,,,
-2.4,-2.3,-2.6,84.5,87.0,81.5,-4.7,288.7,0.0,0.0,2,,,,,,,,,,
-2.5,-2.5,-2.6,86.6,87.7,85.9,-4.4,74.6,0.0,0.0,2,,,,,,,,,,
-2.6,-2.5,-2.7,88.3,88.8,87.7,-4.3,2.6,0.0,0.0,3,,,,,,,,,,
-2.6,-2.5,-2.7,88.8,89.3,88.1,-4.2,23.5,0.0,0.0,3,,,,,,,,,,
-2.7,-2.6,-2.8,90.4,91.2,89.0,-4.1,337.6,0.0,0.0,3,,,,,,,,,,
-2.6,-2.6,-2.7,91.3,91.8,90.7,-3.8,235.2,0.0,0.0,3,,,,,,,,,,
-2.7,-2.6,-2.8,91.1,91.6,90.9,-3.9,12.8,0.0,0.0,3,,,,,,,,,,
-2.8,-2.7,-2.9,91.4,91.7,90.9,-4.0,10.2,0.0,0.0,2,,,,,,,,,,
-2.8,-2.7,-2.9,91.5,91.9,91.1,-4.0,45.1,0.0,0.0,2,,,,,,,,,,
-2.9,-2.7,-2.9,91.7,92.1,91.1,-4.1,286.0,0.0,0.0,2,,,,,,,,,,
-2.8,-2.7,-2.9,91.0,91.5,90.7,-4.1,40.8,0.0,0.0,2,,,,,,,,,,
-2.9,-2.8,-2.9,91.3,92.3,90.6,-4.1,337.2,0.0,0.0,2,,,,,,,,,,
-2.8,-2.8,-2.9,91.9,92.7,91.0,-3.9,12.3,0.0,0.0,2,,,,,,,,,,
-2.8,-2.8,-2.9,89.0,90.3,88.2,-4.4,44.6,0.0,0.0,2,,,,,,,,,,
-2.9,-2.8,-2.9,88.0,88.5,86.8,-4.6,47.3,0.0,0.0,2,,,,,,,,,,
-2.8,-2.7,-2.8,85.1,87.0,82.4,-5.0,4.1,0.0,0.0,2,,,,,,,,,,
-2.9,-2.8,-2.9,81.7,82.5,80.6,-5.6,107.6,0.0,0.0,1,,,,,,,,,,
-2.9,-2.8,-2.9,81.4,82.1,80.7,-5.6,18.5,0.0,0.0,1,,,,,,,,,,
-2.9,-2.8,-2.9,81.0,81.6,80.1,-5.7,12.5,0.0,0.0,1,,,,,,,,,,
-2.9,-2.9,-3.0,79.6,81.0,78.4,-5.9,3.6,0.0,0.0,1,,,,,,,,,,
-3.0,-3.0,-3.1,77.9,78.8,76.9,-6.3,37.6,0.0,0.0,1,,,,,,,,,,
-3.1,-3.1,-3.1,77.8,78.6,76.8,-6.4,12.2,0.0,0.0,1,,,,,,,,,,
-3.1,-3.1,-3.1,77.4,78.6,76.3,-6.5,356.6,0.0,0.0,1,,,,,,,,,,
-3.2,-3.1,-3.3,77.1,77.5,76.3,-6.6,32.9,0.0,0.0,1,,,,,,,,,,
-3.3,-3.3,-3.4,76.8,77.8,76.0,-6.8,46.0,0.0,0.0,1,,,,,,,,,,
-3.3,-3.2,-3.4,76.5,78.0,75.6,-6.8,348.5,0.0,0.0,1,,,,,,,,,,
-3.2,-3.2,-3.3,75.9,76.5,75.0,-6.8,353.1,0.0,0.0,1,,,,,,,,,,
-3.3,-3.2,-3.4,75.2,76.1,74.5,-7.1,11.2,0.0,0.0,1,,,,,,,,,,
-3.4,-3.3,-3.4,75.1,76.0,74.4,-7.2,39.3,0.0,0.0,1,,,,,,,,,,
-3.4,-3.4,-3.5,75.3,76.3,74.2,-7.1,0.7000000000000001,0.0,0.0,0,,,,,,,,,,
-3.6,-3.5,-3.7,75.4,76.0,74.9,-7.3,332.2,0.0,0.0,0,,,,,,,,,,
-3.7,-3.7,-3.8,74.7,75.7,73.8,-7.5,81.6,0.0,0.0,0,,,,,,,,,,
-3.9,-3.8,-4.0,75.3,76.4,73.8,-7.6,342.9,0.0,0.0,0,,,,,,,,,,
-4.0,-4.0,-4.1,75.3,75.8,74.6,-7.7,30.7,0.0,0.0,0,,,,,,,,,,
-4.1,-4.1,-4.2,74.8,75.8,73.9,-7.9,41.1,0.0,0.0,0,,,,,,,,,,
-4.2,-4.1,-4.2,74.0,75.0,72.2,-8.1,77.9,0.0,0.0,0,,,,,,,,,,
-4.3,-4.2,-4.3,72.8,73.9,71.6,-8.4,339.2,0.0,0.0,0,,,,,,,,,,
-4.3,-4.3,-4.4,71.4,73.2,70.0,-8.7,5.9,0.0,0.0,0,,,,,,,,,,
-4.3,-4.3,-4.4,68.4,69.7,67.5,-9.2,68.9,0.0,0.0,0,,,,,,,,,,
-4.3,-4.3,-4.4,68.6,69.5,66.8,-9.2,17.3,0.0,0.0,0,,,,,,,,,,
-4.4,-4.3,-4.4,69.5,70.4,67.6,-9.1,316.2,0.0,0.0,0,,,,,,,,,,
-4.4,-4.4,-4.5,70.3,71.4,69.0,-9.0,18.5,0.0,0.0,0,,,,,,,,,,
-4.4,-4.4,-4.5,68.3,69.1,67.3,-9.4,7.1,0.0,0.0,0,,,,,,,,,,
-4.4,-4.3,-4.4,68.6,69.8,67.5,-9.3,10.4,0.0,0.0,0,,,,,,,,,,
-4.4,-4.3,-4.4,67.5,69.6,65.9,-9.5,346.7,0.0,0.0,0,,,,,,,,,,
-4.4,-4.3,-4.4,66.4,68.2,64.8,-9.7,356.4,0.0,0.0,0,,,,,,,,,,
-4.3,-4.3,-4.3,66.1,67.3,64.9,-9.7,14.0,0.0,0.0,0,,,,,,,,,,
-4.2,-4.0,-4.2,66.2,67.7,64.8,-9.6,327.3,0.0,0.0,0,,,,,,,,,,
-4.0,-3.9,-4.1,64.1,67.7,62.8,-9.8,9.1,0.0,0.0,0,,,,,,,,,,
-3.8,-3.7,-3.9,63.0,64.2,61.0,-9.8,328.5,0.0,0.0,0,,,,,,,,,,
-3.9,-3.8,-4.0,61.3,62.6,60.1,-10.2,314.9,0.0,0.0,0,,,,,,,,,,
-3.8,-3.7,-3.9,61.1,62.5,59.2,-10.2,327.7,0.0,0.0,0,,,,,,,,,,
-3.6,-3.4,-3.8,62.1,64.1,60.3,-9.8,15.5,0.0,0.0,0,,,,,,,,,,
-3.6,-3.4,-3.7,61.4,62.3,60.5,-9.9,326.5,0.0,0.0,0,,,,,,,,,,
-3.7,-3.6,-3.7,60.8,62.3,59.2,-10.2,352.9,0.0,0.0,0,,,,,,,,,,
-3.6,-3.6,-3.7,61.1,61.7,60.1,-10.0,329.5,0.0,0.0,0,,,,,,,,,,
-3.6,-3.5,-3.6,61.9,62.6,60.8,-9.8,332.8,0.0,0.0,0,,,,,,,,,,
-3.4,-3.4,-3.5,61.2,62.4,59.2,-9.8,340.5,0.0,0.0,0,,,,,,,,,,
-3.4,-3.3,-3.5,60.7,61.9,59.6,-9.9,352.8,0.0,0.0,0,,,,,,,,,,
-3.4,-3.3,-3.4,61.0,62.6,59.7,-9.8,2.0,0.0,0.0,0,,,,,,,,,,
-3.4,-3.3,-3.4,62.9,64.8,61.1,-9.4,20.7,0.0,0.0,0,,,,,,,,,,
-3.4,-3.4,-3.5,63.6,65.4,62.1,-9.3,7.2,0.0,0.0,0,,,,,,,,,,
-3.4,-3.4,-3.4,64.7,66.4,63.2,-9.1,359.6,0.0,0.0,0,,,,,,,,,,
-3.4,-3.4,-3.4,65.2,66.2,64.3,-9.0,8.2,0.0,0.0,0,,,,,,,,,,
-3.4,-3.4,-3.4,65.3,67.8,63.2,-9.0,16.4,0.0,0.0,0,,,,,,,,,,
-3.4,-3.4,-3.5,65.8,67.8,63.9,-8.9,46.4,0.0,0.0,0,,,,,,,,,,
-3.4,-3.4,-3.4,65.9,68.0,64.4,-8.9,358.4,0.0,0.0,0,,,,,,,,,,
-3.4,-3.3,-3.4,66.0,67.2,65.3,-8.8,47.6,0.0,0.0,0,,,,,,,,,,
-3.4,-3.3,-3.4,67.5,69.5,65.8,-8.5,6.6,0.0,0.0,0,,,,,,,,,,
-3.3,-3.3,-3.4,66.7,67.8,65.7,-8.6,5.7,0.0,0.0,0,,,,,,,,,,
-3.3,-3.3,-3.4,65.6,67.8,63.6,-8.8,352.0,0.0,0.0,0,,,,,,,,,,
-3.4,-3.3,-3.4,67.1,67.9,66.3,-8.6,179.5,0.0,0.0,0,,,,,,,,,,
-3.4,-3.4,-3.4,67.8,69.2,66.2,-8.5,343.6,0.0,0.0,0,,,,,,,,,,
-3.5,-3.4,-3.5,67.3,68.3,66.0,-8.7,9.8,0.0,0.0,0,,,,,,,,,,
-3.6,-3.5,-3.8,68.2,69.9,66.6,-8.6,0.4,0.0,0.0,0,,,,,,,,,,
-3.8,-3.8,-3.8,67.9,69.5,65.9,-8.9,342.3,0.0,0.0,0,,,,,,,,,,
-3.8,-3.8,-3.8,69.8,71.3,68.0,-8.5,358.0,0.0,0.0,0,,,,,,,,,,
-3.8,-3.8,-3.9,71.4,72.6,69.9,-8.2,355.3,0.0,0.0,0,,,,,,,,,,
-3.9,-3.8,-4.0,73.7,74.9,70.3,-7.9,57.5,0.0,0.0,0,,,,,,,,,,
-4.2,-4.0,-4.4,75.0,75.8,74.5,-8.0,18.6,0.0,0.0,0,,,,,,,,,,
-4.7,-4.4,-4.8,76.7,78.6,73.4,-8.2,350.2,0.0,0.0,0,,,,,,,,,,
-5.0,-4.7,-5.3,79.0,79.4,78.1,-8.1,110.3,0.0,0.0,1,,,,,,,,,,
-5.5,-5.4,-5.5,80.3,81.1,79.6,-8.4,116.6,0.0,0.0,1,,,,,,,,,,
-5.7,-5.5,-5.9,80.4,81.4,79.8,-8.5,128.9,0.0,0.0,1,,,,,,,,,,
-5.7,-5.6,-5.8,80.3,80.9,79.8,-8.5,74.2,0.0,0.0,1,,,,,,,,,,
-5.8,-5.7,-5.9,79.8,80.4,79.2,-8.7,96.8,0.0,0.0,1,,,,,,,,,,
-6.0,-5.8,-6.2,80.8,81.9,79.6,-8.8,291.8,0.0,0.0,0,,,,,,,,,,
-5.7,-5.4,-5.9,78.6,80.1,77.0,-8.8,331.9,0.0,0.0,0,,,,,,,,,,
-5.6,-5.3,-6.2,77.6,79.5,76.2,-8.9,75.0,0.0,0.0,1,,,,,,,,,,
-6.8,-6.3,-7.2,85.2,87.7,81.3,-8.9,144.4,0.0,0.0,0,,,,,,,,,,
-6.6,-6.3,-6.8,85.7,86.7,84.4,-8.6,149.9,0.0,0.0,0,,,,,,,,,,
-6.2,-6.0,-6.5,83.1,84.5,81.5,-8.6,143.3,0.0,0.0,0,,,,,,,,,,
-6.3,-5.9,-6.5,82.1,84.1,81.0,-8.8,176.5,0.0,0.0,0,,,,,,,,,,
-6.2,-5.8,-6.5,83.3,84.4,81.8,-8.6,294.1,0.0,0.0,0,,,,,,,,,,
-5.7,-5.5,-5.8,82.2,83.1,81.0,-8.2,245.2,0.0,0.0,1,,,,,,,,,,
-5.2,-4.8,-5.5,80.5,81.9,79.1,-8.0,235.9,0.0,0.0,1,,,,,,,,,,
-4.3,-4.1,-4.7,77.3,79.7,75.3,-7.7,288.1,1.7000000000000002,0.0,2,,,,,,,,,,
-3.9,-3.7,-4.1,76.6,78.0,75.3,-7.4,309.6,3.8,0.0,1,,,,,,,,,,
-3.0,-2.6,-3.6,74.1,76.4,72.2,-7.0,3.1,3.8,0.0,0,,,,,,,,,,
-2.0,-1.4,-2.7,72.6,75.1,69.5,-6.3,6.8,3.3,0.0,0,,,,,,,,,,
-1.5,-1.0,-1.8,71.2,72.7,69.9,-6.0,14.4,4.6,0.0,0,,,,,,,,,,
-1.3,-1.1,-1.6,71.5,72.9,69.5,-5.8,336.9,4.7,0.0,0,,,,,,,,,,
-0.7000000000000001,-0.30000000000000004,-1.0,70.2,72.6,67.8,-5.4,334.6,3.8,0.0,0,,,,,,,,,,
-0.4,0.1,-1.0,69.1,71.2,67.5,-5.4,346.0,4.4,0.0,0,,,,,,,,,,
0.2,0.8,-0.30000000000000004,67.8,69.3,66.5,-5.0,46.6,4.3,0.0,0,,,,,,,,,,
0.5,0.8,0.2,65.1,67.2,62.4,-5.3,2.2,3.9,0.0,0,,,,,,,,,,
0.30000000000000004,0.7000000000000001,-0.1,63.2,65.7,59.9,-5.8,38.2,4.0,0.0,0,,,,,,,,,,
0.2,0.5,-0.1,62.5,63.7,58.4,-6.1,38.9,3.4,0.0,0,,,,,,,,,,
-0.2,0.0,-0.6000000000000001,63.4,65.6,61.4,-6.3,68.7,2.5,0.0,0,,,,,,,,,,
-1.5,-0.7000000000000001,-1.9,65.8,67.1,63.9,-7.1,57.2,0.6000000000000001,0.0,0,,,,,,,,,,
-2.2,-1.9,-2.4,66.9,67.8,66.3,-7.5,81.6,0.9,0.0,0,,,,,,,,,,
-2.5,-2.4,-2.6,68.3,69.0,67.9,-7.5,96.0,2.4,0.0,0,,,,,,,,,,
-2.8,-2.5,-3.1,71.1,73.8,68.5,-7.3,91.5,2.1,0.0,0,,,,,,,,,,
-3.3,-3.1,-3.4,76.0,77.1,74.2,-6.9,83.7,3.2,0.0,1,,,,,,,,,,
-3.3,-3.1,-3.4,77.7,78.0,77.4,-6.6,131.1,2.7,0.0,2,,,,,,,,,,
-3.0,-3.0,-3.1,76.9,77.3,76.2,-6.5,144.1,3.4,0.0,1,,,,,,,,,,
-2.9,-2.7,-3.1,75.9,77.0,74.0,-6.5,112.9,3.0,0.0,1,,,,,,,,,,
-3.5,-2.9,-4.1,78.6,82.3,75.2,-6.7,142.8,4.7,0.0,1,,,,,,,,,,
-4.0,-3.4,-4.5,81.3,83.9,78.2,-6.7,146.8,3.3,0.0,2,,,,,,,,,,
-4.3,-4.1,-4.4,83.1,83.7,81.7,-6.7,149.5,3.1,0.0,1,,,,,,,,,,
-4.0,-3.9,-4.2,79.4,81.0,78.6,-7.0,224.8,1.0,0.0,1,,,,,,,,,,
-4.0,-3.9,-4.1,78.7,79.4,78.1,-7.1,204.4,2.2,0.0,1,,,,,,,,,,
-4.3,-4.0,-4.8,80.4,82.6,79.4,-7.2,166.2,2.8,0.0,1,,,,,,,,,,
-4.9,-4.7,-5.1,84.3,85.4,83.2,-7.1,166.1,4.0,0.0,1,,,,,,,,,,
-5.0,-4.8,-5.3,84.7,85.5,83.8,-7.2,159.0,3.5,0.0,1,,,,,,,,,,
-5.3,-5.1,-5.5,86.4,87.2,85.4,-7.2,152.2,3.0,0.0,1,,,,,,,,,,
-5.4,-5.1,-5.7,86.3,87.7,84.9,-7.3,166.1,2.9,0.0,0,,,,,,,,,,
-5.6,-5.5,-5.7,87.8,88.6,87.1,-7.3,162.3,3.3,0.0,0,,,,,,,,,,
-5.8,-5.5,-6.1,88.4,89.9,87.6,-7.4,152.2,1.2,0.0,0,,,,,,,,,,
-5.9,-5.7,-6.2,87.8,89.3,86.3,-7.6,161.8,4.0,0.0,0,,,,,,,,,,
-5.9,-5.7,-6.0,87.1,87.9,86.2,-7.7,181.7,3.5,0.0,0,,,,,,,,,,
-6.0,-5.6,-6.2,86.8,87.8,85.1,-7.8,42.2,1.3,0.0,0,,,,,,,,,,
-6.8,-6.3,-7.2,89.6,92.1,86.9,-8.2,160.2,2.3,0.0,0,,,,,,,,,,
-6.9,-6.6,-7.3,91.7,93.1,90.4,-8.0,168.9,2.2,0.0,0,,,,,,,,,,
-6.4,-6.2,-6.6,89.5,91.9,88.5,-7.8,258.3,2.2,0.0,0,,,,,,,,,,
-6.8,-6.5,-7.0,91.1,92.4,88.5,-8.0,226.6,2.5,0.0,0,,,,,,,,,,
-6.8,-6.7,-7.0,91.8,92.8,91.0,-7.9,206.6,3.3,0.0,0,,,,,,,,,,
-6.9,-6.5,-7.3,92.0,93.4,90.6,-8.0,176.0,3.3,0.0,0,,,,,,,,,,
-6.7,-6.3,-6.8,89.8,91.2,88.8,-8.1,166.2,5.2,0.0,0,,,,,,,,,,
-6.6,-6.4,-6.9,88.9,89.9,87.8,-8.1,165.5,4.5,0.0,0,,,,,,,,,,
-6.8,-6.6,-7.1,89.7,91.1,88.9,-8.2,167.7,3.8,0.0,0,,,,,,,,,,
-6.5,-6.3,-6.7,89.7,90.7,89.2,-7.9,165.6,5.0,0.0,0,,,,,,,,,,
-6.0,-5.5,-6.4,88.5,89.7,86.7,-7.6,157.2,4.8,0.0,0,,,,,,,,,,
-5.0,-4.6,-5.4,85.1,86.3,83.2,-7.1,316.9,2.4,0.0,1,,,,,,,,,,
-4.1,-2.0,-5.0,85.1,87.1,81.1,-6.2,109.4,1.1,0.0,1,,,,,,,,,,
-2.7,-1.7000000000000002,-3.2,81.2,84.1,77.2,-5.5,155.8,2.6,0.0,3,,,,,,,,,,
-1.7000000000000002,-1.2,-2.4,76.3,80.0,73.0,-5.3,347.2,3.6,0.0,5,,,,,,,,,,
-1.7000000000000002,-1.0,-2.4,81.7,83.7,78.9,-4.4,337.4,2.9,0.0,8,,,,,,,,,,
-1.0,-0.4,-1.3,80.8,83.6,78.0,-3.9,326.5,4.7,0.0,9,,,,,,,,,,
-0.30000000000000004,0.0,-0.5,79.6,81.5,77.5,-3.4,335.9,5.0,0.0,8,,,,,,,,,,
0.4,0.8,0.1,75.4,78.3,73.8,-3.4,303.8,4.7,0.0,3,,,,,,,,,,
1.2,2.1,0.6000000000000001,72.6,76.4,67.6,-3.2,322.1,5.3,0.0,1,,,,,,,,,,
2.1,2.4,1.8,68.2,69.9,66.5,-3.1,345.0,5.4,0.0,0,,,,,,,,,,
1.9,2.2,1.5,66.6,68.6,64.6,-3.6,3.2,5.7,0.0,0,,,,,,,,,,
1.9,2.4,1.5,68.0,70.4,66.0,-3.4,292.8,3.8,0.0,0,,,,,,,,,,
1.3,1.7000000000000002,1.0,71.4,73.3,68.9,-3.3,66.7,3.9,0.0,0,,,,,,,,,,
1.1,1.5,0.6000000000000001,72.4,73.7,70.7,-3.3,351.3,2.7,0.0,0,,,,,,,,,,
-0.5,0.4,-1.2,75.7,78.1,73.4,-4.3,3.0,2.7,0.0,1,,,,,,,,,,
-1.6,-1.2,-2.0,79.0,79.5,77.9,-4.8,62.9,2.2,0.0,4,,,,,,,,,,
-1.9,-1.8,-2.2,79.8,80.5,79.3,-4.9,79.2,2.7,0.0,3,,,,,,,,,,
-1.9,-1.8,-2.0,79.9,81.3,77.8,-4.9,101.8,4.0,0.0,3,,,,,,,,,,
-1.9,-1.7000000000000002,-2.1,80.1,81.8,76.1,-4.9,169.8,4.6,0.0,3,,,,,,,,,,
-2.3,-2.0,-2.6,83.1,84.3,81.8,-4.8,176.7,2.2,0.0,3,,,,,,,,,,
-2.4,-2.2,-2.7,80.9,82.2,79.4,-5.2,180.7,3.2,0.0,3,,,,,,,,,,
-2.7,-2.6,-2.8,81.6,82.7,80.9,-5.4,163.1,3.8,0.0,3,,,,,,,,,,
-2.9,-2.8,-3.2,82.9,84.1,82.5,-5.4,164.9,5.2,0.0,3,,,,,,,,,,
-3.1,-2.9,-3.4,83.7,84.6,82.9,-5.5,183.8,5.2,0.0,3,,,,,,,,,,
-2.9,-2.6,-3.4,84.2,86.1,82.8,-5.2,187.9,6.4,0.0,3,,,,,,,,,,
-2.9,-2.8,-3.1,83.7,84.8,82.4,-5.3,185.5,6.3,0.0,1,,,,,,,,,,
-3.0,-2.8,-3.2,83.7,85.0,82.2,-5.4,151.1,5.0,0.0,1,,,,,,,,,,
-2.9,-2.7,-3.1,82.2,83.4,80.8,-5.5,180.3,2.3,0.0,1,,,,,,,,,,
-2.7,-2.1,-3.2,80.8,83.8,76.9,-5.5,164.3,2.6,0.0,1,,,,,,,,,,
-2.4,-2.2,-2.6,78.0,79.0,76.8,-5.7,241.8,2.7,0.0,1,,,,,,,,,,
-2.4,-2.1,-2.7,77.6,79.3,76.1,-5.8,246.6,2.8,0.0,1,,,,,,,,,,
-2.7,-2.6,-2.8,79.4,80.3,78.5,-5.8,358.0,0.6000000000000001,0.0,3,,,,,,,,,,
-3.2,-2.7,-3.6,82.2,84.1,80.0,-5.8,141.0,2.0,0.0,2,,,,,,,,,,
-3.3,-3.1,-3.6,83.5,84.6,82.0,-5.7,182.8,2.5,0.0,3,,,,,,,,,,
-3.3,-2.9,-3.6,84.3,86.3,82.4,-5.6,347.4,2.5,0.0,3,,,,,,,,,,
-3.7,-3.0,-4.3,87.0,90.3,83.7,-5.5,180.0,1.9,0.0,4,,,,,,,,,,
-4.0,-3.7,-4.6,90.5,93.1,87.9,-5.3,150.3,3.0,0.0,2,,,,,,,,,,
-3.3,-3.0,-3.7,87.1,89.9,84.9,-5.1,147.6,2.8,0.0,1,,,,,,,,,,
-3.2,-2.7,-3.9,85.4,87.4,83.9,-5.3,53.9,1.9,0.0,1,,,,,,,,,,
-4.1,-3.6,-4.2,90.1,91.4,88.0,-5.5,175.6,1.6,0.0,2,,,,,,,,,,
-3.2,-2.9,-3.7,85.7,89.1,82.9,-5.3,159.7,2.8,0.0,2,,,,,,,,,,
-3.6,-3.1,-3.9,86.0,87.6,83.2,-5.6,250.6,1.1,0.0,2,,,,,,,,,,
-3.6,-3.3,-4.0,87.2,88.3,85.8,-5.4,282.4,0.8,0.0,2,,,,,,,,,,
-3.9,-3.1,-4.5,87.6,91.2,84.4,-5.7,287.1,2.1,0.0,2,,,,,,,,,,
-4.3,-4.0,-4.4,91.0,91.7,89.9,-5.5,241.6,2.8,0.0,1,,,,,,,,,,
-4.1,-3.8,-4.3,90.8,91.9,89.9,-5.4,196.7,3.8,0.0,2,,,,,,,,,,
-4.3,-4.1,-4.5,92.4,92.9,91.7,-5.3,240.7,4.6,0.0,2,,,,,,,,,,
-3.4,-2.9,-4.0,90.1,92.3,87.7,-4.8,215.1,4.4,0.0,3,,,,,,,,,,
-2.0,-1.4,-2.7,85.0,87.8,82.2,-4.2,252.0,4.5,0.0,9,,,,,,,,,,
-2.0,-1.3,-2.5,87.4,91.6,81.3,-3.8,287.7,2.9,0.0,10,,,,,,,,,,
-2.0,-1.8,-2.2,92.4,93.1,91.7,-3.1,207.0,3.0,0.0,10,,,,,,,,,,
-1.4,-1.0,-1.9,91.3,92.4,90.0,-2.6,189.1,1.7000000000000002,0.0,1,,,,,,,,,,
-0.6000000000000001,-0.2,-1.1,87.2,91.8,81.4,-2.5,299.1,1.9,0.0,0,,,,,,,,,,
0.0,0.2,-0.30000000000000004,80.8,83.0,79.3,-2.9,316.7,3.1,0.0,0,,,,,,,,,,
0.2,0.5,-0.1,81.5,82.8,80.3,-2.6,10.2,4.6,0.0,0,,,,,,,,,,
0.2,0.7000000000000001,-0.1,82.1,84.3,80.5,-2.5,340.6,5.0,0.0,0,,,,,,,,,,
-0.1,0.1,-0.1,83.2,84.0,82.4,-2.6,299.0,2.8,0.0,0,,,,,,,,,,
0.0,0.1,-0.1,82.7,83.1,82.1,-2.6,288.0,3.0,0.0,0,,,,,,,,,,
0.0,0.0,-0.1,82.8,83.9,82.1,-2.6,243.8,2.7,0.0,0,,,,,,,,,,
0.0,0.0,0.0,82.9,84.0,82.4,-2.5,235.0,2.8,0.0,0,,,,,,,,,,
-0.1,0.0,-0.2,83.7,84.2,83.1,-2.5,256.0,3.3,0.0,0,,,,,,,,,,
-0.2,-0.1,-0.2,83.8,84.4,83.4,-2.6,243.9,3.7,0.0,0,,,,,,,,,,
-0.30000000000000004,-0.2,-0.30000000000000004,85.1,85.6,84.4,-2.5,257.5,2.5,0.0,1,,,,,,,,,,
-0.4,-0.30000000000000004,-0.5,85.2,85.6,84.6,-2.6,258.8,3.1,0.0,1,,,,,,,,,,
-0.6000000000000001,-0.5,-0.8,84.9,85.6,84.5,-2.8,209.3,3.0,0.0,2,,,,,,,,,,
-0.8,-0.8,-1.0,85.3,86.6,84.2,-3.0,186.1,4.5,0.0,5,,,,,,,,,,
-1.1,-1.0,-1.2,86.3,87.1,85.5,-3.1,181.8,4.5,0.0,10,,,,,,,,,,
-1.1,-0.8,-1.2,87.2,87.9,86.3,-3.0,204.7,4.3,0.0,9,,,,,,,,,,
-1.0,-0.8,-1.2,86.4,87.9,85.5,-3.0,175.9,4.1,0.0,3,,,,,,,,,,
-1.1,-1.0,-1.2,87.0,87.6,85.8,-3.0,174.0,4.3,0.0,3,,,,,,,,,,
-1.2,-1.1,-1.3,87.5,88.0,86.6,-3.0,173.2,4.5,0.0,4,,,,,,,,,,
-1.4,-1.2,-1.5,87.8,88.6,86.7,-3.2,173.2,4.0,0.0,10,,,,,,,,,,
-1.6,-1.4,-1.8,88.7,89.5,87.5,-3.2,191.9,4.2,0.0,9,,,,,,,,,,
-1.9,-1.7000000000000002,-2.1,89.1,89.5,88.4,-3.5,180.0,5.5,0.0,4,,,,,,,,,,
-2.2,-1.8,-2.5,89.4,91.0,87.2,-3.7,184.9,6.0,0.0,4,,,,,,,,,,
-2.5,-2.2,-2.7,90.1,90.9,88.8,-3.9,186.2,6.8,0.0,3,,,,,,,,,,
-2.2,-2.1,-2.6,87.3,90.7,85.5,-4.0,175.9,6.8,0.0,3,,,,,,,,,,
-2.1,-1.8,-2.3,84.7,85.3,83.9,-4.3,186.7,9.0,0.0,4,,,,,,,,,,
-2.0,-1.7000000000000002,-2.2,82.7,84.9,81.1,-4.5,166.0,10.5,0.0,4,,,,,,,,,,
-1.8,-1.7000000000000002,-1.9,80.3,80.8,79.1,-4.7,175.9,9.9,0.0,2,,,,,,,,,,
-1.9,-1.7000000000000002,-2.1,79.6,80.9,79.2,-5.0,168.3,7.4,0.0,1,,,,,,,,,,
-1.9,-1.7000000000000002,-2.1,79.0,79.6,78.4,-5.1,177.4,7.2,0.0,1,,,,,,,,,,
-2.1,-1.9,-2.3,79.3,80.0,78.7,-5.2,170.3,7.0,0.0,1,,,,,,,,,,
-2.2,-2.0,-2.5,79.4,80.8,78.3,-5.3,188.7,7.8,0.0,1,,,,,,,,,,
-2.0,-1.8,-2.2,78.2,78.8,77.5,-5.3,169.9,9.6,0.0,1,,,,,,,,,,
-2.1,-2.0,-2.3,78.5,79.5,77.1,-5.3,202.4,6.5,0.0,1,,,,,,,,,,
-2.1,-1.9,-2.3,79.2,80.6,77.9,-5.2,190.6,5.4,0.0,1,,,,,,,,,,
-2.3,-2.2,-2.5,80.7,81.6,79.7,-5.2,174.8,6.8,0.0,2,,,,,,,,,,
-2.4,-2.2,-2.7,81.1,82.7,80.1,-5.2,168.0,6.4,0.0,2,,,,,,,,,,
-2.6,-2.5,-2.7,82.4,83.1,81.7,-5.2,174.9,6.5,0.0,3,,,,,,,,,,
-2.6,-2.3,-2.9,82.5,83.9,81.3,-5.2,182.1,5.8,0.0,3,,,,,,,,,,
-2.5,-2.4,-2.8,82.3,83.4,81.7,-5.1,179.0,7.1,0.0,3,,,,,,,,,,
-2.5,-2.3,-2.8,82.7,83.8,81.9,-5.0,174.0,8.0,0.0,2,,,,,,,,,,
-2.7,-2.5,-2.8,83.2,84.0,82.6,-5.1,212.4,5.5,0.0,2,,,,,,,,,,
-3.0,-2.6,-3.4,84.5,86.8,82.5,-5.2,206.1,2.5,0.0,5,,,,,,,,,,
-2.6,-1.9,-3.3,84.9,88.3,80.5,-4.8,154.3,3.8,0.0,5,,,,,,,,,,
-1.4,-1.1,-2.0,78.8,81.1,77.1,-4.6,146.9,6.0,0.0,2,,,,,,,,,,
-0.9,-0.4,-1.3,78.2,81.9,75.0,-4.2,292.3,3.1,0.0,0,,,,,,,,,,
-1.3,-1.0,-1.6,84.3,87.4,80.4,-3.6,324.3,4.0,0.0,0,,,,,,,,,,
-0.4,0.2,-1.2,83.1,85.9,81.2,-2.9,238.3,3.3,0.0,0,,,,,,,,,,
0.30000000000000004,0.7000000000000001,-0.1,80.6,81.9,79.2,-2.6,319.4,5.1,0.0,0,,,,,,,,,,
1.1,2.3,0.4,78.6,80.6,73.0,-2.2,240.2,4.8,0.0,0,,,,,,,,,,
3.1,3.6,2.3,62.2,68.7,58.4,-3.4,112.0,5.6,0.0,0,,,,,,,,,,
3.8,4.3,3.2,60.1,68.3,57.1,-3.2,199.2,6.2,0.0,0,,,,,,,,,,
4.1,4.4,3.8,57.6,58.6,56.7,-3.5,207.5,7.0,0.0,0,,,,,,,,,,
4.3,4.7,4.1,56.9,58.1,56.0,-3.5,162.6,8.9,0.0,0,,,,,,,,,,
4.0,4.3,3.7,56.3,56.8,55.8,-3.9,174.2,11.5,0.0,0,,,,,,,,,,
4.2,4.4,3.9,56.6,57.5,55.6,-3.6,192.6,8.2,0.0,0,,,,,,,,,,
4.1,4.3,4.0,57.7,58.6,56.8,-3.5,144.1,7.7,0.0,0,,,,,,,,,,
3.8,4.1,3.5,57.7,59.1,56.8,-3.7,151.4,6.7,0.0,0,,,,,,,,,,
2.8,3.4,2.2,59.4,61.2,57.8,-4.3,156.3,7.7,0.0,0,,,,,,,,,,
1.7000000000000002,2.2,1.2,63.0,65.0,61.3,-4.6,138.8,8.1,0.0,0,,,,,,,,,,
1.2,1.3,1.0,65.0,65.6,64.5,-4.6,156.6,8.4,0.0,0,,,,,,,,,,
0.9,1.0,0.8,66.1,66.5,65.6,-4.7,161.6,9.0,0.0,0,,,,,,,,,,
0.8,1.0,0.30000000000000004,67.1,68.6,66.3,-4.6,176.3,7.7,0.0,0,,,,,,,,,,
0.30000000000000004,0.4,0.2,69.6,70.2,69.4,-4.6,146.4,7.9,0.0,0,,,,,,,,,,
0.1,0.4,-0.2,70.7,71.7,69.5,-4.6,239.7,4.4,0.0,0,,,,,,,,,,
-0.6000000000000001,0.4,-1.6,75.2,83.4,70.0,-4.4,320.4,5.3,0.0,1,,,,,,,,,,
-1.8,-1.6,-2.0,84.7,85.3,83.9,-4.0,143.8,3.4,0.0,9,,,,,,,,,,
-1.7000000000000002,-1.2,-2.0,83.5,84.7,81.1,-4.1,119.2,4.8,0.0,6,,,,,,,,,,
-1.6,-1.0,-2.1,80.7,82.5,78.1,-4.5,173.1,5.0,0.0,4,,,,,,,,,,
-1.1,-0.6000000000000001,-1.9,77.8,80.8,75.6,-4.5,178.9,4.8,0.0,2,,,,,,,,,,
-1.9,-1.9,-2.0,81.9,82.4,81.4,-4.6,187.7,3.2,0.0,6,,,,,,,,,,
-1.8,-1.4,-2.3,81.5,83.9,79.6,-4.5,113.9,4.2,0.0,7,,,,,,,,,,
-1.8,-1.5,-2.5,81.2,84.9,79.9,-4.6,35.1,2.7,0.0,7,,,,,,,,,,
-3.0,-2.4,-3.3,86.7,89.4,84.5,-4.9,1.4,2.6,0.0,6,,,,,,,,,,
-3.3,-3.0,-3.5,90.9,93.7,87.8,-4.6,341.0,4.3,0.0,4,,,,,,,,,,
-3.5,-3.1,-3.6,93.5,94.4,92.7,-4.4,77.6,3.0,0.0,3,,,,,,,,,,
-3.9,-3.2,-4.4,94.2,95.9,91.1,-4.7,337.7,3.3,0.0,3,,,,,,,,,,
-4.1,-3.8,-4.3,97.2,98.0,96.4,-4.5,70.1,2.0,0.0,3,,,,,,,,,,
-4.0,-3.8,-4.3,97.3,98.3,96.6,-4.4,317.8,3.4,0.0,3,,,,,,,,,,
-4.4,-4.3,-4.5,99.0,100.0,97.3,-4.5,343.1,5.4,0.0,3,,,,,,,,,,
-4.4,-4.3,-4.6,100.0,100.0,100.0,-4.4,190.4,3.7,0.0,3,,,,,,,,,,
-4.4,-4.3,-4.7,100.0,100.0,100.0,-4.4,175.3,1.7000000000000002,0.0,3,,,,,,,,,,
-4.4,-4.2,-4.5,100.0,100.0,100.0,-4.4,284.4,2.4,0.0,2,,,,,,,,,,
-4.4,-4.2,-4.6,100.0,100.0,100.0,-4.4,264.3,3.4,0.0,3,,,,,,,,,,
-4.5,-4.2,-4.9,100.0,100.0,100.0,-4.5,2.4,3.1,0.0,3,,,,,,,,,,
-4.5,-4.3,-4.6,100.0,100.0,100.0,-4.5,275.6,1.3,0.0,2,,,,,,,,,,
-4.8,-4.5,-5.0,100.0,100.0,100.0,-4.8,135.7,1.9,0.0,2,,,,,,,,,,
-4.8,-4.6,-4.8,100.0,100.0,100.0,-4.8,350.8,3.2,0.0,2,,,,,,,,,,
-5.1,-4.9,-5.5,100.0,100.0,100.0,-5.1,145.1,2.5,0.0,2,,,,,,,,,,
-5.1,-5.0,-5.3,100.0,100.0,100.0,-5.1,9.2,1.9,0.0,1,,,,,,,,,,
-5.2,-5.1,-5.3,100.0,100.0,100.0,-5.2,15.8,3.1,0.0,2,,,,,,,,,,
-5.3,-5.2,-5.4,100.0,100.0,100.0,-5.3,357.5,1.7000000000000002,0.0,2,,,,,,,,,,
-5.3,-5.2,-5.4,100.0,100.0,100.0,-5.3,309.9,3.2,0.0,2,,,,,,,,,,
-5.3,-5.1,-5.4,100.0,100.0,100.0,-5.3,195.2,1.7000000000000002,0.0,2,,,,,,,,,,
-5.0,-4.8,-5.1,100.0,100.0,100.0,-5.0,306.6,1.9,0.0,3,,,,,,,,,,
-4.8,-4.7,-4.9,100.0,100.0,100.0,-4.8,274.9,3.4,0.0,3,,,,,,,,,,
-4.6,-4.4,-4.8,100.0,100.0,100.0,-4.6,297.3,2.6,0.0,4,,,,,,,,,,
-4.1,-3.9,-4.4,100.0,100.0,100.0,-4.1,184.7,1.7000000000000002,0.0,5,,,,,,,,,,
-3.8,-3.7,-4.0,100.0,100.0,100.0,-3.8,300.4,1.3,0.0,8,,,,,,,,,,
-4.0,-3.8,-4.1,100.0,100.0,100.0,-4.0,310.1,3.8,0.0,7,,,,,,,,,,
-3.8,-3.7,-3.9,100.0,100.0,100.0,-3.8,276.3,3.5,0.0,8,,,,,,,,,,
-3.5,-3.3,-3.8,100.0,100.0,100.0,-3.5,322.3,2.1,0.0,9,,,,,,,,,,
-3.3,-3.1,-3.5,99.8,100.0,99.2,-3.3,317.4,2.2,0.0,8,,,,,,,,,,
-3.1,-3.1,-3.2,98.4,99.1,97.7,-3.3,221.5,2.6,0.0,9,,,,,,,,,,
-3.0,-2.9,-3.1,96.3,97.4,95.5,-3.5,164.3,2.5,0.0,8,,,,,,,,,,
-3.0,-2.9,-3.2,95.8,96.5,95.3,-3.6,307.0,1.0,0.0,6,,,,,,,,,,
-3.4,-3.2,-3.6,96.9,97.5,96.3,-3.8,237.0,0.7000000000000001,0.0,4,,,,,,,,,,
-3.5,-3.4,-3.7,98.0,98.3,97.4,-3.8,150.7,2.4,0.0,4,,,,,,,,,,
-3.7,-3.6,-3.9,98.7,99.0,97.9,-3.9,155.1,2.1,0.0,3,,,,,,,,,,
-3.7,-3.5,-3.9,98.9,99.2,98.4,-3.8,260.6,1.6,0.0,3,,,,,,,,,,
-3.8,-3.6,-4.4,98.7,99.2,98.1,-4.0,171.7,1.9,0.0,3,,,,,,,,,,
-4.1,-4.0,-4.2,99.6,100.0,99.2,-4.2,203.4,2.0,0.0,3,,,,,,,,,,
-4.3,-4.1,-4.5,100.0,100.0,99.6,-4.3,235.1,2.4,0.0,3,,,,,,,,,,
-4.3,-4.2,-4.4,100.0,100.0,100.0,-4.3,247.3,5.0,0.0,4,,,,,,,,,,
-4.4,-4.3,-4.5,100.0,100.0,100.0,-4.4,215.6,4.2,0.0,5,,,,,,,,,,
-4.3,-4.3,-4.5,100.0,100.0,100.0,-4.3,265.5,4.8,0.0,6,,,,,,,,,,
-4.4,-4.3,-4.5,100.0,100.0,100.0,-4.4,223.1,3.8,0.0,6,,,,,,,,,,
-4.5,-4.4,-4.6,100.0,100.0,100.0,-4.5,293.6,4.8,0.0,6,,,,,,,,,,
-4.6,-4.5,-4.6,100.0,100.0,100.0,-4.6,286.3,3.2,0.0,6,,,,,,,,,,
-4.6,-4.5,-4.6,100.0,100.0,100.0,-4.6,210.6,3.1,0.0,6,,,,,,,,,,
-4.7,-4.6,-4.7,100.0,100.0,100.0,-4.7,323.3,2.8,0.0,5,,,,,,,,,,
-4.7,-4.6,-4.7,100.0,100.0,100.0,-4.7,306.5,3.4,0.0,5,,,,,,,,,,
-4.7,-4.6,-4.8,100.0,100.0,100.0,-4.7,251.0,3.8,0.0,5,,,,,,,,,,
-4.6,-4.6,-4.7,100.0,100.0,100.0,-4.6,3.0,1.9,0.0,5,,,,,,,,,,
-4.8,-4.6,-4.9,100.0,100.0,100.0,-4.8,262.1,2.9,0.0,4,,,,,,,,,,
-4.7,-4.7,-4.8,100.0,100.0,100.0,-4.7,354.9,3.0,0.0,4,,,,,,,,,,
-4.6,-4.5,-4.6,100.0,100.0,100.0,-4.6,354.7,4.2,0.0,5,,,,,,,,,,
-4.5,-4.4,-4.6,100.0,100.0,100.0,-4.5,134.8,2.6,0.0,5,,,,,,,,,,
-4.4,-4.2,-4.5,100.0,100.0,100.0,-4.4,15.4,1.7000000000000002,0.0,5,,,,,,,,,,
-4.4,-4.3,-4.5,100.0,100.0,100.0,-4.4,345.0,3.0,0.0,5,,,,,,,,,,
-4.6,-4.5,-4.6,100.0,100.0,100.0,-4.6,51.0,3.5,0.0,4,,,,,,,,,,
-4.4,-4.2,-4.5,100.0,100.0,100.0,-4.4,317.6,2.7,0.0,6,,,,,,,,,,
-3.9,-3.4,-4.3,100.0,100.0,100.0,-3.9,326.4,4.3,0.0,7,,,,,,,,,,
-4.2,-4.0,-4.3,100.0,100.0,100.0,-4.2,22.1,3.2,0.0,6,,,,,,,,,,
-4.4,-4.4,-4.6,100.0,100.0,100.0,-4.4,29.2,1.9,0.0,4,,,,,,,,,,
-4.6,-4.6,-4.8,100.0,100.0,100.0,-4.6,9.8,2.8,0.0,3,,,,,,,,,,
-4.8,-4.6,-4.9,100.0,100.0,100.0,-4.8,336.0,2.9,0.0,2,,,,,,,,,,
-4.8,-4.7,-4.9,100.0,100.0,100.0,-4.8,112.8,2.5,0.0,3,,,,,,,,,,
-4.5,-4.4,-4.7,100.0,100.0,100.0,-4.5,139.9,4.7,0.0,4,,,,,,,,,,
-3.7,-3.0,-4.3,100.0,100.0,100.0,-3.7,88.3,3.9,0.0,4,,,,,,,,,,
-3.8,-3.5,-4.2,100.0,100.0,100.0,-3.8,326.6,5.6,0.0,7,,,,,,,,,,
-3.4,-2.7,-4.0,100.0,100.0,100.0,-3.4,134.7,3.5,0.0,10,,,,,,,,,,
-2.3,-1.7000000000000002,-3.1,100.0,100.0,100.0,-2.3,29.5,3.3,0.0,10,,,,,,,,,,
-2.2,-2.0,-2.5,100.0,100.0,100.0,-2.2,168.6,4.1,0.0,10,,,,,,,,,,
-2.1,-1.9,-2.3,100.0,100.0,100.0,-2.1,163.1,3.7,0.0,10,,,,,,,,,,
-1.3,-1.1,-1.7000000000000002,100.0,100.0,100.0,-1.3,178.4,2.6,0.0,10,,,,,,,,,,
-1.1,-0.9,-1.3,100.0,100.0,100.0,-1.1,340.6,3.3,0.0,10,,,,,,,,,,
-1.3,-1.2,-1.5,100.0,100.0,100.0,-1.3,300.3,3.4,0.0,1,,,,,,,,,,
-1.4,-1.2,-1.6,100.0,100.0,100.0,-1.4,225.4,4.2,0.0,0,,,,,,,,,,
-1.0,-0.8,-1.1,100.0,100.0,100.0,-1.0,259.6,2.7,0.0,1,,,,,,,,,,
-0.9,-0.8,-1.0,100.0,100.0,100.0,-0.9,261.2,3.5,0.0,2,,,,,,,,,,
-0.9,-0.7000000000000001,-1.0,100.0,100.0,100.0,-0.9,302.8,3.1,0.0,2,,,,,,,,,,
-0.8,-0.7000000000000001,-0.8,99.8,100.0,98.7,-0.8,313.9,4.2,0.0,2,,,,,,,,,,
-0.8,-0.7000000000000001,-0.8,97.3,98.3,96.6,-1.2,304.6,5.6,0.0,2,,,,,,,,,,
-0.6000000000000001,-0.6000000000000001,-0.7000000000000001,96.2,96.8,95.7,-1.1,237.5,2.6,0.0,2,,,,,,,,,,
-0.6000000000000001,-0.6000000000000001,-0.7000000000000001,95.8,96.3,95.1,-1.2,337.3,2.3,0.0,3,,,,,,,,,,
-0.6000000000000001,-0.5,-0.6000000000000001,95.4,95.7,95.0,-1.2,296.2,4.9,0.0,3,,,,,,,,,,
-0.5,-0.5,-0.5,95.3,95.6,95.0,-1.2,12.7,2.8,0.0,3,,,,,,,,,,
-0.5,-0.5,-0.5,95.6,95.9,95.3,-1.1,83.7,2.9,0.0,5,,,,,,,,,,
-0.7000000000000001,-0.5,-0.7000000000000001,97.0,98.3,95.7,-1.1,328.2,2.4,0.0,9,,,,,,,,,,
-0.7000000000000001,-0.6000000000000001,-0.7000000000000001,98.2,98.7,97.9,-0.9,170.8,1.1,0.0,9,,,,,,,,,,
-0.7000000000000001,-0.6000000000000001,-0.7000000000000001,99.3,99.9,98.7,-0.8,136.4,1.8,0.0,10,,,,,,,,,,
-0.9,-0.7000000000000001,-1.0,100.0,100.0,99.6,-0.9,281.4,4.1,0.0,10,,,,,,,,,,
-0.9,-0.9,-1.0,100.0,100.0,100.0,-0.9,182.2,3.7,0.0,10,,,,,,,,,,
-0.9,-0.8,-1.0,100.0,100.0,100.0,-0.9,171.0,5.9,0.0,10,,,,,,,,,,
-0.8,-0.6000000000000001,-1.0,100.0,100.0,100.0,-0.8,231.1,6.1,0.0,10,,,,,,,,,,
-0.6000000000000001,-0.5,-0.7000000000000001,100.0,100.0,99.6,-0.6000000000000001,218.3,5.8,0.0,10,,,,,,,,,,
-0.30000000000000004,-0.1,-0.5,98.3,99.7,96.1,-0.5,190.4,8.4,0.0,10,,,,,,,,,,
-0.2,0.0,-0.30000000000000004,96.0,96.5,94.7,-0.8,168.3,6.8,0.0,10,,,,,,,,,,
-0.30000000000000004,-0.1,-0.4,96.1,96.7,95.4,-0.8,119.7,4.2,0.0,10,,,,,,,,,,
-0.30000000000000004,-0.2,-0.4,96.4,96.8,95.9,-0.8,283.8,1.8,0.0,10,,,,,,,,,,
-0.8,-0.30000000000000004,-1.0,98.1,100.0,95.9,-1.1,153.2,3.6,0.0,9,,,,,,,,,,
-0.8,-0.6000000000000001,-1.0,99.8,100.0,99.1,-0.8,133.8,3.4,0.0,6,,,,,,,,,,
-1.3,-0.6000000000000001,-1.6,99.5,100.0,98.7,-1.4,176.7,3.3,0.0,4,,,,,,,,,,
-1.1,-0.9,-1.3,100.0,100.0,100.0,-1.1,160.4,4.5,0.0,4,,,,,,,,,,
-1.4,-1.0,-2.0,100.0,100.0,100.0,-1.4,169.6,6.0,0.0,4,,,,,,,,,,
-1.6,-1.5,-1.7000000000000002,100.0,100.0,100.0,-1.6,177.1,9.7,0.0,5,,,,,,,,,,
-1.7000000000000002,-1.5,-1.9,100.0,100.0,100.0,-1.7000000000000002,188.1,6.8,0.0,4,,,,,,,,,,
-1.3,-1.0,-1.6,100.0,100.0,100.0,-1.3,155.8,9.6,0.0,5,,,,,,,,,,
-1.4,-1.0,-1.9,99.9,100.0,99.3,-1.4,182.5,8.1,0.0,5,,,,,,,,,,
-1.0,-0.9,-1.2,98.6,99.5,97.9,-1.2,185.1,10.2,0.0,6,,,,,,,,,,
-1.1,-0.7000000000000001,-1.5,98.0,99.3,97.5,-1.4,111.2,6.9,0.0,5,,,,,,,,,,
-1.6,-1.3,-2.2,99.3,100.0,98.2,-1.7000000000000002,175.2,5.8,0.0,4,,,,,,,,,,
-1.5,-1.1,-1.8,99.6,100.0,98.9,-1.6,183.0,5.8,0.0,4,,,,,,,,,,
-1.8,-1.4,-2.2,99.7,100.0,99.2,-1.8,175.8,7.1,0.0,4,,,,,,,,,,
-2.0,-1.6,-2.5,100.0,100.0,99.5,-2.0,177.8,7.4,0.0,3,,,,,,,,,,
-1.9,-1.6,-2.3,100.0,100.0,99.7,-1.9,242.9,6.9,0.0,4,,,,,,,,,,
-1.9,-1.4,-2.8,99.9,100.0,99.2,-1.9,199.7,5.5,0.0,3,,,,,,,,,,
-0.5,-0.1,-1.2,97.4,100.0,94.1,-0.9,172.2,3.3,0.0,6,,,,,,,,,,
0.0,0.9,-1.0,93.6,97.2,90.8,-0.9,185.3,4.6,0.0,9,,,,,,,,,,
1.6,2.1,1.1,86.5,89.7,84.5,-0.4,150.1,6.1,0.2,10,,,,,,,,,,
2.2,2.5,1.9,82.2,84.3,80.4,-0.5,181.9,9.6,0.0,9,,,,,,,,,,
2.9,3.3,2.6,78.6,80.7,76.5,-0.4,203.3,8.9,0.2,2,,,,,,,,,,
3.7,4.3,3.3,75.3,77.7,73.3,-0.2,165.8,9.2,0.0,0,,,,,,,,,,
3.9,4.1,3.7,71.3,72.6,69.1,-0.8,167.4,13.1,0.0,0,,,,,,,,,,
3.9,4.5,3.6,69.8,71.0,68.4,-1.1,177.7,11.9,0.0,0,,,,,,,,,,
3.8,4.2,3.6,68.7,69.9,67.9,-1.4,153.7,14.5,0.0,0,,,,,,,,,,
4.2,4.4,4.0,68.1,68.9,66.8,-1.1,197.8,11.8,0.0,0,,,,,,,,,,
3.9,4.5,3.5,66.7,68.1,65.7,-1.7000000000000002,164.4,12.3,0.0,0,,,,,,,,,,
3.6,3.7,3.4,68.0,70.1,66.3,-1.7000000000000002,192.5,11.5,0.0,0,,,,,,,,,,
3.1,3.4,2.9,68.4,69.9,67.7,-2.1,179.3,14.9,0.0,0,,,,,,,,,,
2.6,2.7,2.3,72.0,74.3,70.7,-1.9,177.6,14.0,0.0,0,,,,,,,,,,
1.5,2.2,1.0,79.3,83.4,74.5,-1.7000000000000002,156.6,7.9,0.0,0,,,,,,,,,,
0.7000000000000001,0.9,0.6000000000000001,83.6,84.4,83.0,-1.7000000000000002,158.2,7.5,0.0,0,,,,,,,,,,
0.5,0.8,0.2,84.8,86.4,83.4,-1.7000000000000002,187.9,7.6,0.0,1,,,,,,,,,,
-0.1,0.5,-0.6000000000000001,87.2,90.4,84.7,-2.0,82.6,6.6,0.0,3,,,,,,,,,,
-0.5,-0.1,-0.9,90.9,93.4,88.6,-1.8,130.4,5.3,0.0,10,,,,,,,,,,
-0.5,-0.30000000000000004,-0.6000000000000001,92.8,94.0,91.7,-1.5,148.1,4.1,0.0,10,,,,,,,,,,
-0.4,0.30000000000000004,-0.7000000000000001,91.3,94.0,86.6,-1.6,152.7,4.8,0.0,10,,,,,,,,,,
-0.7000000000000001,-0.30000000000000004,-0.8,93.0,94.0,89.5,-1.7000000000000002,163.4,4.8,0.0,9,,,,,,,,,,
-1.1,-0.5,-1.5,92.5,95.2,88.9,-2.2,162.9,6.6,0.0,2,,,,,,,,,,
-1.7000000000000002,-1.5,-2.0,95.8,97.0,94.3,-2.3,75.2,5.1,0.0,2,,,,,,,,,,
-2.5,-2.2,-2.6,98.0,99.3,95.5,-2.8,72.6,5.7,0.0,1,,,,,,,,,,
-2.5,-2.3,-2.6,99.9,100.0,99.5,-2.5,88.5,5.9,0.0,1,,,,,,,,,,
-1.9,-1.5,-2.3,95.5,99.6,90.3,-2.5,122.4,6.8,0.0,1,,,,,,,,,,
-1.2,-0.30000000000000004,-2.1,87.2,91.6,83.3,-3.1,178.5,8.2,0.0,1,,,,,,,,,,
-0.30000000000000004,-0.1,-0.6000000000000001,83.2,84.7,81.4,-2.8,149.3,10.7,0.0,2,,,,,,,,,,
-0.6000000000000001,-0.30000000000000004,-0.7000000000000001,85.4,86.4,84.1,-2.7,156.7,8.0,0.0,2,,,,,,,,,,
-1.1,-0.7000000000000001,-1.6,87.6,90.2,85.8,-2.9,78.7,4.3,0.0,2,,,,,,,,,,
-1.7000000000000002,-1.5,-1.9,91.9,93.3,90.7,-2.8,117.7,4.8,0.0,2,,,,,,,,,,
-2.1,-1.5,-2.8,92.1,95.8,88.7,-3.2,197.8,5.2,0.0,1,,,,,,,,,,
-2.5,-1.8,-3.6,93.8,97.3,90.8,-3.4,278.3,3.1,0.0,1,,,,,,,,,,
-3.5,-3.1,-3.8,99.2,100.0,97.4,-3.6,46.1,2.5,0.0,1,,,,,,,,,,
-2.7,-2.5,-3.2,98.2,99.8,96.8,-2.9,328.6,2.6,0.0,1,,,,,,,,,,
-2.5,-2.2,-2.8,96.1,96.8,94.8,-3.0,340.4,3.9,0.0,1,,,,,,,,,,
-2.4,-2.4,-2.5,95.7,96.0,95.2,-3.0,357.4,1.7000000000000002,0.0,1,,,,,,,,,,
-2.6,-2.1,-3.0,96.0,97.8,94.7,-3.1,136.2,3.7,0.0,2,,,,,,,,,,
-1.5,-1.0,-2.1,93.5,98.1,89.4,-2.4,327.7,4.7,0.0,3,,,,,,,,,,
-0.9,-0.7000000000000001,-1.2,90.6,91.7,88.8,-2.2,166.5,4.8,0.0,4,,,,,,,,,,
-0.30000000000000004,-0.1,-0.6000000000000001,90.5,91.2,89.9,-1.7000000000000002,210.8,7.0,0.0,9,,,,,,,,,,
0.0,0.2,-0.2,91.1,91.5,90.7,-1.3,146.3,7.9,0.0,10,,,,,,,,,,
0.0,0.2,-0.1,92.0,93.2,91.0,-1.1,35.7,3.7,0.0,10,,,,,,,,,,
0.2,0.6000000000000001,-0.2,93.0,95.7,90.1,-0.8,150.3,6.3,0.0,10,,,,,,,,,,
0.4,0.5,0.30000000000000004,92.4,93.2,91.7,-0.7000000000000001,131.8,8.9,0.0,10,,,,,,,,,,
0.8,1.0,0.4,92.0,93.1,91.0,-0.30000000000000004,148.7,8.8,0.0,6,,,,,,,,,,
0.9,1.1,0.7000000000000001,91.1,92.0,90.3,-0.4,112.4,7.3,0.0,0,,,,,,,,,,
1.0,1.7000000000000002,0.7000000000000001,92.1,93.3,89.4,-0.1,139.3,9.6,0.0,0,,,,,,,,,,
1.6,1.9,1.3,89.9,91.2,88.1,0.1,170.0,9.8,0.0,0,,,,,,,,,,
2.4,2.8,2.1,87.9,89.4,85.9,0.6000000000000001,173.6,11.0,0.0,0,,,,,,,,,,
2.8,3.0,2.7,87.3,87.7,86.6,0.9,157.5,7.2,0.0,0,,,,,,,,,,
3.1,3.2,3.0,86.7,87.0,86.5,1.1,165.3,9.0,0.0,0,,,,,,,,,,
3.3,3.9,3.0,86.9,88.1,85.7,1.3,188.4,8.2,0.0,0,,,,,,,,,,
4.4,5.0,3.9,85.0,85.7,83.9,2.1,166.2,9.5,0.0,0,,,,,,,,,,
5.5,5.7,5.2,82.6,83.7,81.7,2.8,180.5,12.9,0.0,0,,,,,,,,,,
5.6,5.7,5.4,82.8,83.5,82.3,2.9,186.2,11.7,0.0,0,,,,,,,,,,
5.4,5.5,5.1,84.2,84.8,83.5,3.0,174.5,14.7,0.0,0,,,,,,,,,,
5.3,5.5,5.1,85.3,85.8,84.9,3.0,181.4,16.4,0.0,0,,,,,,,,,,
5.8,6.2,5.6,84.9,85.7,84.5,3.5,174.5,13.8,0.0,0,,,,,,,,,,
6.0,6.1,5.9,85.0,85.8,84.5,3.7,153.4,12.7,0.0,0,,,,,,,,,,
5.7,6.0,5.0,86.8,88.9,85.6,3.7,40.3,6.6,0.0,0,,,,,,,,,,
4.6,4.8,4.4,91.1,93.1,89.3,3.3,130.5,7.9,0.0,1,,,,,,,,,,
6.1,6.7,5.2,90.5,93.2,88.9,4.7,152.6,14.6,0.0,1,,,,,,,,,,
6.5,6.9,6.0,90.6,91.5,89.3,5.1,168.8,14.7,0.0,1,,,,,,,,,,
7.6,8.0,7.0,89.1,91.2,87.9,5.9,182.4,12.7,0.0,1,,,,,,,,,,
7.8,8.4,7.3,89.0,91.2,86.9,6.1,191.0,11.6,0.0,1,,,,,,,,,,
8.4,8.6,8.0,87.9,89.8,86.5,6.5,170.7,6.5,0.0,0,,,,,,,,,,
8.3,8.6,7.6,87.5,89.1,86.1,6.4,94.8,8.7,0.0,1,,,,,,,,,,
6.9,7.9,6.5,92.4,94.3,87.8,5.8,39.8,6.5,0.0,1,,,,,,,,,,
7.8,8.5,7.0,91.9,94.3,88.9,6.6,136.8,3.5,0.0,2,,,,,,,,,,
8.2,8.8,7.6,90.4,93.0,86.6,6.7,188.7,3.5,0.0,2,,,,,,,,,,
8.9,9.2,8.1,90.2,92.1,88.5,7.4,159.1,6.1,0.0,2,,,,,,,,,,
8.6,9.0,8.3,91.5,93.2,90.0,7.3,207.8,3.5,0.0,2,,,,,,,,,,
8.8,9.3,8.3,92.4,94.4,90.9,7.6,169.0,6.1,0.0,6,,,,,,,,,,
9.8,10.1,9.5,89.8,91.2,88.6,8.2,188.6,6.6,0.0,1,,,,,,,,,,
9.6,9.8,9.5,90.9,91.6,89.7,8.2,176.3,6.3,0.0,1,,,,,,,,,,
9.3,9.5,9.1,92.0,92.3,91.1,8.1,235.5,3.4,0.0,1,,,,,,,,,,
9.2,9.5,8.6,93.3,94.9,92.4,8.2,174.2,7.7,0.0,1,,,,,,,,,,
9.5,9.8,8.7,93.0,94.8,91.4,8.4,213.1,7.0,0.0,2,,,,,,,,,,
10.4,10.9,9.9,89.8,92.5,87.7,8.8,178.9,14.6,0.0,1,,,,,,,,,,
11.3,11.6,10.9,86.3,88.2,85.1,9.1,170.0,18.9,0.0,1,,,,,,,,,,
11.4,11.4,11.3,86.8,87.1,86.0,9.3,170.4,16.3,0.0,1,,,,,,,,,,
11.3,11.5,11.2,87.9,89.5,86.6,9.4,206.3,14.2,0.0,1,,,,,,,,,,
11.5,11.8,11.2,88.4,90.0,86.6,9.7,183.5,11.2,0.0,1,,,,,,,,,,
11.9,12.0,11.7,85.7,87.1,84.9,9.6,163.0,12.6,0.0,0,,,,,,,,,,
11.6,12.0,10.4,85.7,89.7,84.3,9.3,253.7,9.7,0.0,0,,,,,,,,,,
10.6,11.0,10.2,90.0,91.6,88.0,9.0,205.4,4.4,0.0,1,,,,,,,,,,
11.6,11.8,10.9,86.0,89.8,84.7,9.3,154.1,12.1,0.0,0,,,,,,,,,,
11.7,11.9,11.5,85.0,86.1,83.4,9.3,162.3,10.3,0.0,1,,,,,,,,,,
12.1,12.2,12.0,81.5,82.9,80.4,9.0,169.0,13.2,0.0,0,,,,,,,,,,
12.3,12.6,12.1,79.7,81.2,78.1,8.9,178.9,16.7,0.0,0,,,,,,,,,,
12.5,13.0,12.2,80.0,81.6,76.6,9.2,171.3,16.2,0.0,5,,,,,,,,,,
13.1,13.2,12.8,75.8,77.4,74.7,8.9,167.0,20.1,0.0,0,,,,,,,,,,
13.2,13.4,13.0,75.3,76.5,74.0,8.9,175.9,18.7,0.0,0,,,,,,,,,,
13.3,13.5,12.9,75.0,76.6,74.4,9.0,177.7,19.0,0.0,0,,,,,,,,,,
13.9,14.1,13.5,72.8,74.6,71.6,9.1,168.3,18.0,0.0,0,,,,,,,,,,
14.0,14.1,13.8,72.0,72.6,71.5,9.0,185.1,19.7,0.0,0,,,,,,,,,,
13.8,14.0,13.6,72.0,72.7,71.2,8.9,224.6,16.3,0.0,0,,,,,,,,,,
14.1,14.7,13.8,70.7,72.8,68.8,8.9,204.6,14.7,0.0,0,,,,,,,,,,
13.0,13.7,12.7,71.7,73.2,70.4,8.0,203.9,17.7,0.0,0,,,,,,,,,,
12.1,12.6,11.8,75.1,77.2,71.4,7.8,218.1,16.4,0.0,3,,,,,,,,,,
12.1,12.4,11.5,75.3,79.1,73.6,7.9,246.6,10.2,0.0,0,,,,,,,,,,
11.2,11.6,11.1,79.5,80.7,76.8,7.8,221.7,7.7,0.0,0,,,,,,,,,,
12.9,13.2,11.9,70.7,78.0,68.5,7.7,189.3,8.2,0.0,0,,,,,,,,,,
13.2,13.4,12.9,67.4,69.0,66.0,7.3,187.6,13.9,0.0,0,,,,,,,,,,
12.9,13.2,12.6,67.1,68.3,65.5,7.0,200.2,14.2,0.0,0,,,,,,,,,,
12.5,12.7,12.5,68.4,68.8,68.0,6.9,174.4,12.6,0.0,0,,,,,,,,,,
12.9,13.2,12.5,67.2,68.4,64.9,7.0,174.8,14.0,0.0,0,,,,,,,,,,
13.0,13.3,12.6,65.4,66.1,64.2,6.7,183.6,19.6,0.0,0,,,,,,,,,,
12.6,12.8,12.4,66.4,66.9,65.9,6.5,195.9,17.3,0.0,0,,,,,,,,,,
12.3,12.5,12.0,67.9,69.0,67.0,6.6,175.9,23.1,0.0,0,,,,,,,,,,
11.9,11.9,11.8,70.1,70.7,69.5,6.6,171.3,17.6,0.0,0,,,,,,,,,,
11.9,12.0,11.8,70.4,70.7,69.9,6.7,190.5,17.2,0.0,0,,,,,,,,,,
11.9,11.9,11.8,70.8,71.1,70.5,6.8,209.0,18.3,0.0,0,,,,,,,,,,
11.7,11.8,11.5,71.6,72.3,70.9,6.8,181.8,15.5,0.0,0,,,,,,,,,,
11.6,11.7,11.4,72.0,72.6,71.5,6.7,187.2,16.4,0.0,0,,,,,,,,,,
11.5,11.7,11.4,72.4,73.0,71.7,6.7,186.4,14.9,0.0,0,,,,,,,,,,
11.5,11.6,11.3,72.6,73.3,72.1,6.8,195.8,15.5,0.0,0,,,,,,,,,,
11.5,11.6,11.4,72.2,72.9,71.5,6.7,189.1,14.3,0.0,0,,,,,,,,,,
11.5,11.7,11.3,71.7,72.4,71.2,6.6,210.6,10.7,0.0,0,,,,,,,,,,
11.2,11.4,11.0,72.6,73.1,71.9,6.5,200.7,11.1,0.0,0,,,,,,,,,,
11.1,11.3,11.1,73.4,73.9,72.7,6.5,194.1,15.8,0.0,0,,,,,,,,,,
10.5,11.2,9.4,75.7,79.7,73.0,6.4,283.6,10.3,0.0,0,,,,,,,,,,
9.0,9.3,8.7,81.1,82.9,79.9,5.9,266.6,6.8,0.0,0,,,,,,,,,,
8.9,9.2,7.8,80.9,85.5,79.5,5.8,336.3,4.5,0.0,0,,,,,,,,,,
6.8,7.5,6.5,92.0,94.7,87.1,5.6,328.3,4.2,0.0,1,,,,,,,,,,
7.1,7.2,6.8,93.0,95.0,92.0,6.0,14.2,3.5,0.0,1,,,,,,,,,,
6.4,7.2,5.9,96.6,99.1,93.3,5.9,90.4,8.6,0.0,1,,,,,,,,,,
5.5,5.9,5.1,98.5,99.3,96.6,5.3,54.5,10.1,0.0,2,,,,,,,,,,
4.2,5.0,3.4,94.2,96.3,92.9,3.4,354.1,9.6,0.0,10,,,,,,,,,,
2.9,3.4,2.4,94.2,95.3,91.9,2.1,344.4,13.8,0.0,10,,,,,,,,,,
2.0,2.3,1.7000000000000002,91.3,92.1,90.5,0.7000000000000001,38.6,9.1,0.0,10,,,,,,,,,,
1.0,1.5,0.6000000000000001,94.5,96.5,91.1,0.2,119.8,7.2,0.0,10,,,,,,,,,,
0.4,0.6000000000000001,0.1,98.5,100.0,97.0,0.2,85.6,8.7,0.0,10,,,,,,,,,,
-0.1,0.1,-0.30000000000000004,100.0,100.0,100.0,-0.1,18.9,7.9,0.0,10,,,,,,,,,,
-0.4,-0.30000000000000004,-0.5,100.0,100.0,100.0,-0.4,49.9,9.1,0.0,10,,,,,,,,,,
-0.6000000000000001,-0.6000000000000001,-0.6000000000000001,100.0,100.0,100.0,-0.6000000000000001,308.5,6.0,0.0,10,,,,,,,,,,
-0.7000000000000001,-0.6000000000000001,-0.8,100.0,100.0,100.0,-0.7000000000000001,336.3,8.3,0.0,10,,,,,,,,,,
-1.2,-1.0,-1.4,100.0,100.0,100.0,-1.2,335.8,12.9,0.0,10,,,,,,,,,,
-1.5,-1.4,-1.6,100.0,100.0,100.0,-1.5,16.6,9.2,0.0,10,,,,,,,,,,
-1.8,-1.7000000000000002,-2.0,100.0,100.0,100.0,-1.8,22.8,10.6,0.0,10,,,,,,,,,,
-2.0,-1.9,-2.1,100.0,100.0,100.0,-2.0,26.3,12.5,0.0,10,,,,,,,,,,
-2.1,-2.1,-2.2,100.0,100.0,100.0,-2.1,12.8,10.1,0.0,10,,,,,,,,,,
-2.1,-2.1,-2.2,100.0,100.0,100.0,-2.1,13.3,9.0,0.0,10,,,,,,,,,,
-2.1,-2.1,-2.1,100.0,100.0,100.0,-2.1,16.1,6.7,0.0,10,,,,,,,,,,
-2.0,-1.9,-2.0,100.0,100.0,100.0,-2.0,19.4,8.4,0.0,10,,,,,,,,,,
-1.6,-1.3,-1.9,100.0,100.0,100.0,-1.6,55.3,8.6,0.0,10,,,,,,,,,,
-1.1,-0.8,-1.3,100.0,100.0,100.0,-1.1,318.5,3.8,0.0,10,,,,,,,,,,
-0.7000000000000001,-0.4,-0.9,100.0,100.0,100.0,-0.7000000000000001,356.8,3.7,0.0,10,,,,,,,,,,
-0.4,-0.2,-0.5,100.0,100.0,100.0,-0.4,272.8,4.2,0.0,10,,,,,,,,,,
-0.7000000000000001,-0.6000000000000001,-0.8,100.0,100.0,100.0,-0.7000000000000001,194.5,7.5,0.0,10,,,,,,,,,,
-0.6000000000000001,-0.30000000000000004,-0.8,100.0,100.0,100.0,-0.6000000000000001,23.7,6.1,0.0,10,,,,,,,,,,
-0.30000000000000004,-0.2,-0.4,100.0,100.0,100.0,-0.30000000000000004,190.2,2.9,0.0,10,,,,,,,,,,
-0.4,-0.4,-0.5,100.0,100.0,100.0,-0.4,225.6,3.6,0.0,10,,,,,,,,,,
-0.2,0.0,-0.4,98.4,100.0,95.6,-0.4,299.4,4.4,0.0,10,,,,,,,,,,
0.0,0.1,0.0,94.7,95.7,93.9,-0.7000000000000001,277.1,3.8,0.0,10,,,,,,,,,,
-0.1,0.0,-0.2,93.5,95.1,92.1,-1.0,355.1,3.7,0.0,10,,,,,,,,,,
-0.30000000000000004,-0.2,-0.4,94.0,95.2,93.0,-1.1,344.3,3.3,0.0,10,,,,,,,,,,
-0.4,-0.2,-0.5,93.5,94.1,93.0,-1.3,142.4,2.6,0.0,10,,,,,,,,,,
-0.7000000000000001,-0.5,-0.9,96.5,98.2,94.8,-1.2,172.8,2.6,0.0,9,,,,,,,,,,
-0.6000000000000001,-0.5,-0.8,96.2,97.5,94.7,-1.1,357.5,2.6,0.0,8,,,,,,,,,,
-0.6000000000000001,-0.5,-0.7000000000000001,94.2,95.6,93.5,-1.4,317.8,4.1,0.0,7,,,,,,,,,,
-0.4,-0.30000000000000004,-0.5,91.2,91.7,90.7,-1.7000000000000002,321.5,3.8,0.0,8,,,,,,,,,,
-0.8,-0.5,-1.1,92.5,94.8,90.8,-1.9,315.1,2.2,0.0,7,,,,,,,,,,
-1.2,-1.0,-1.3,95.3,95.8,95.1,-1.9,205.6,1.8,0.0,5,,,,,,,,,,
-1.3,-1.3,-1.4,94.8,96.0,93.6,-2.0,294.5,2.8,0.0,4,,,,,,,,,,
-1.5,-1.4,-1.6,92.7,94.3,90.0,-2.5,303.8,3.5,0.0,4,,,,,,,,,,
-2.0,-1.6,-2.2,91.4,92.8,89.8,-3.2,312.5,0.4,0.0,3,,,,,,,,,,
-2.1,-1.7000000000000002,-2.4,89.6,93.6,85.7,-3.6,181.6,1.9,0.0,2,,,,,,,,,,
-2.3,-1.9,-2.5,88.4,91.9,82.6,-4.0,324.8,1.8,0.0,2,,,,,,,,,,
-2.3,-1.8,-2.9,82.9,87.4,78.0,-4.8,43.3,2.7,0.0,2,,,,,,,,,,
-3.2,-2.8,-3.6,88.0,90.1,86.3,-4.9,318.1,1.2,0.0,1,,,,,,,,,,
-2.9,-2.6,-3.1,87.0,89.9,83.9,-4.8,1.6,3.6,0.0,1,,,,,,,,,,
-3.7,-3.2,-4.2,91.2,94.2,89.2,-4.9,153.5,2.7,0.0,1,,,,,,,,,,
-3.9,-3.8,-4.0,91.5,94.4,88.7,-5.1,198.1,1.9,0.0,1,,,,,,,,,,
-4.1,-3.6,-4.5,89.6,90.9,87.5,-5.6,306.1,1.3,0.0,1,,,,,,,,,,
-3.9,-3.3,-4.8,86.8,92.4,84.1,-5.8,296.7,2.9,0.0,1,,,,,,,,,,
-5.1,-4.5,-5.6,94.3,95.6,92.2,-5.9,236.7,2.2,0.0,1,,,,,,,,,,
-4.6,-4.3,-5.1,91.6,92.5,90.3,-5.8,238.3,3.2,0.0,1,,,,,,,,,,
-5.7,-5.3,-6.2,94.4,96.7,91.9,-6.5,175.5,3.6,0.0,1,,,,,,,,,,
-5.6,-5.3,-5.7,94.4,95.3,93.5,-6.4,275.9,2.3,0.0,1,,,,,,,,,,
-6.1,-5.6,-6.8,95.7,97.9,92.8,-6.7,54.8,1.6,0.0,1,,,,,,,,,,
-5.7,-5.4,-6.2,95.3,97.2,92.9,-6.3,109.9,3.8,0.0,1,,,,,,,,,,
-5.8,-5.2,-6.2,93.5,95.5,90.8,-6.7,67.7,2.0,0.0,1,,,,,,,,,,
-6.3,-5.9,-6.9,95.8,97.3,94.3,-6.9,128.2,1.5,0.0,1,,,,,,,,,,
-6.3,-6.1,-6.9,97.8,98.5,96.9,-6.6,135.5,3.8,0.0,1,,,,,,,,,,
-6.0,-5.7,-6.2,96.9,97.8,95.6,-6.4,332.3,1.1,0.0,1,,,,,,,,,,
-6.7,-6.2,-7.2,95.8,97.2,94.4,-7.3,292.8,2.0,0.0,1,,,,,,,,,,
-6.4,-6.2,-6.8,96.1,97.3,95.1,-6.9,209.9,3.7,0.0,1,,,,,,,,,,
-7.1,-6.8,-7.3,97.3,98.6,96.0,-7.5,302.6,3.7,0.0,1,,,,,,,,,,
-6.7,-5.9,-7.0,98.5,99.9,93.6,-6.9,119.9,2.8,0.0,1,,,,,,,,,,
-5.9,-4.8,-7.4,94.3,97.3,89.5,-6.7,145.8,3.8,0.0,1,,,,,,,,,,
-3.4,-2.5,-4.7,84.7,89.9,80.5,-5.6,329.3,1.8,0.0,3,,,,,,,,,,
-2.5,-0.30000000000000004,-4.3,80.9,87.3,68.4,-5.3,311.6,1.9,0.0,5,,,,,,,,,,
-1.0,0.2,-1.8,70.2,73.8,66.0,-5.7,319.7,1.8,0.0,9,,,,,,,,,,
0.4,1.3,-1.3,69.5,73.5,66.8,-4.5,146.4,2.2,0.0,10,,,,,,,,,,
0.2,1.1,-0.30000000000000004,67.4,70.0,63.9,-5.1,248.5,2.7,0.0,7,,,,,,,,,,
-1.1,0.2,-1.6,72.6,75.0,65.5,-5.4,302.0,4.5,0.0,2,,,,,,,,,,
-1.0,1.2,-1.8,71.5,75.5,60.4,-5.5,355.7,3.8,0.0,3,,,,,,,,,,
1.3,3.6,-0.4,62.8,70.4,53.9,-5.0,150.3,2.3,0.0,2,,,,,,,,,,
2.7,3.5,1.7000000000000002,57.4,60.7,51.9,-4.8,357.8,1.7000000000000002,0.0,0,,,,,,,,,,
1.1,1.7000000000000002,0.2,67.2,72.7,61.5,-4.3,310.6,3.1,0.0,0,,,,,,,,,,
-0.7000000000000001,0.1,-1.0,75.7,78.3,72.0,-4.4,281.6,5.1,0.0,0,,,,,,,,,,
-0.6000000000000001,-0.30000000000000004,-0.7000000000000001,74.8,77.2,71.2,-4.5,291.8,4.0,0.0,0,,,,,,,,,,
0.9,2.5,-0.30000000000000004,65.8,70.1,59.6,-4.7,285.6,1.9,0.0,0,,,,,,,,,,
-0.6000000000000001,0.4,-1.6,67.7,72.1,65.2,-5.8,292.5,3.6,0.0,0,,,,,,,,,,
-1.8,-1.6,-2.3,72.7,75.7,70.7,-6.0,212.7,1.6,0.0,0,,,,,,,,,,
-2.4,-2.2,-2.5,76.3,77.8,74.6,-6.0,162.4,3.3,0.0,0,,,,,,,,,,
-2.6,-2.4,-3.2,77.3,80.8,75.9,-6.0,167.6,3.6,0.0,0,,,,,,,,,,
-3.0,-2.8,-3.3,80.3,82.9,78.5,-5.9,198.0,3.0,0.0,0,,,,,,,,,,
-3.2,-3.0,-3.5,87.6,90.8,83.3,-5.0,214.6,4.2,0.0,1,,,,,,,,,,
-3.0,-2.7,-3.4,88.1,89.1,86.7,-4.7,236.6,3.7,0.0,1,,,,,,,,,,
-3.5,-3.1,-3.8,89.6,90.8,87.6,-5.0,165.9,4.6,0.0,1,,,,,,,,,,
-3.9,-3.7,-4.0,89.0,89.8,87.8,-5.4,193.0,4.7,0.0,1,,,,,,,,,,
-3.7,-3.6,-3.9,85.8,87.2,85.0,-5.7,169.2,5.3,0.0,1,,,,,,,,,,
-4.1,-3.8,-4.5,88.0,89.9,85.9,-5.8,175.1,5.5,0.0,1,,,,,,,,,,
-4.3,-4.0,-4.5,88.2,89.8,86.2,-6.0,170.7,6.4,0.0,1,,,,,,,,,,
-4.5,-4.3,-4.8,87.7,89.4,86.3,-6.2,164.1,5.5,0.0,1,,,,,,,,,,
-4.7,-4.6,-4.9,87.5,89.3,86.7,-6.5,193.8,5.7,0.0,1,,,,,,,,,,
-4.9,-4.6,-5.1,86.3,87.2,84.8,-6.8,228.9,5.5,0.0,0,,,,,,,,,,
-5.6,-5.1,-5.9,88.9,90.9,86.2,-7.1,165.1,3.0,0.0,0,,,,,,,,,,
-5.7,-5.5,-6.3,88.7,90.6,87.1,-7.3,239.8,3.4,0.0,0,,,,,,,,,,
-5.6,-5.4,-5.9,86.0,89.0,84.2,-7.6,180.0,3.1,0.0,0,,,,,,,,,,
-5.8,-5.5,-6.2,85.4,87.0,83.9,-7.9,204.5,3.3,0.0,0,,,,,,,,,,
-5.9,-5.7,-6.2,86.8,88.3,86.2,-7.7,228.3,3.7,0.0,0,,,,,,,,,,
-5.7,-5.4,-5.9,85.1,86.4,83.6,-7.8,176.6,5.5,0.0,0,,,,,,,,,,
-5.9,-5.8,-6.1,85.7,86.3,85.4,-7.9,208.8,4.3,0.0,0,,,,,,,,,,
-6.1,-5.9,-6.3,86.1,87.0,85.3,-8.0,174.9,1.8,0.0,0,,,,,,,,,,
-6.4,-6.2,-6.5,86.6,87.3,85.9,-8.3,164.6,2.4,0.0,0,,,,,,,,,,
-6.5,-6.3,-6.8,86.8,87.8,85.9,-8.3,169.9,3.2,0.0,0,,,,,,,,,,
-6.5,-6.2,-6.9,87.4,89.0,85.3,-8.2,171.5,3.3,0.0,0,,,,,,,,,,
-6.4,-6.1,-7.0,86.9,89.2,85.0,-8.2,248.9,4.1,0.0,0,,,,,,,,,,
-6.5,-6.1,-6.8,86.3,88.3,85.0,-8.4,174.0,3.2,0.0,0,,,,,,,,,,
-6.3,-5.9,-7.0,85.4,87.4,83.4,-8.3,269.2,4.0,0.0,0,,,,,,,,,,
-7.4,-7.0,-7.8,91.3,93.7,88.4,-8.6,214.1,3.1,0.0,0,,,,,,,,,,
-7.5,-7.3,-7.7,93.9,95.0,92.2,-8.3,152.2,3.5,0.0,0,,,,,,,,,,
-7.7,-7.4,-8.2,92.9,94.2,90.6,-8.6,268.6,2.6,0.0,0,,,,,,,,,,
-6.5,-6.3,-7.4,89.0,93.8,86.5,-8.0,149.4,3.9,0.0,0,,,,,,,,,,
-6.2,-5.7,-6.7,86.2,88.5,83.2,-8.1,193.1,2.8,0.0,0,,,,,,,,,,
-4.7,-4.0,-5.6,80.6,84.1,78.7,-7.5,169.4,2.7,0.0,0,,,,,,,,,,
-3.0,-2.2,-3.7,75.1,78.6,72.2,-6.8,181.8,3.0,0.0,0,,,,,,,,,,
-1.5,-0.7000000000000001,-2.1,71.1,73.1,69.0,-6.0,149.7,2.8,0.0,0,,,,,,,,,,
-1.2,-0.30000000000000004,-1.5,73.0,74.6,70.5,-5.4,129.2,3.7,0.0,0,,,,,,,,,,
0.7000000000000001,1.3,-0.1,67.9,69.6,65.8,-4.5,140.1,3.6,0.0,0,,,,,,,,,,
1.9,2.3,1.3,63.9,66.6,61.7,-4.2,159.8,3.5,0.0,0,,,,,,,,,,
1.8,2.1,1.5,62.7,66.5,59.2,-4.5,186.6,6.8,0.0,0,,,,,,,,,,
2.3,2.9,1.8,54.1,60.9,48.5,-6.0,195.5,10.3,0.0,0,,,,,,,,,,
3.2,3.5,3.1,51.5,53.5,49.0,-5.8,168.3,7.9,0.0,0,,,,,,,,,,
3.5,3.8,3.2,48.1,51.7,45.9,-6.4,172.1,8.9,0.0,3,,,,,,,,,,
3.7,3.9,3.6,49.6,52.2,46.9,-5.8,174.3,7.8,0.0,2,,,,,,,,,,
3.6,3.9,3.4,51.2,56.1,48.9,-5.5,178.3,8.4,0.0,7,,,,,,,,,,
3.2,3.4,2.9,54.1,56.2,51.8,-5.2,177.5,8.4,0.0,1,,,,,,,,,,
2.6,3.0,2.2,56.3,58.5,53.2,-5.2,181.9,7.8,0.0,3,,,,,,,,,,
1.5,2.2,1.1,57.7,58.5,56.4,-5.9,178.8,8.8,0.0,3,,,,,,,,,,
0.6000000000000001,0.9,0.30000000000000004,60.9,62.5,59.1,-6.0,176.2,10.7,0.0,1,,,,,,,,,,
-0.1,0.2,-0.2,64.8,66.1,62.8,-5.9,166.3,8.9,0.0,0,,,,,,,,,,
-0.5,-0.30000000000000004,-0.8,66.8,69.3,63.8,-5.9,162.5,5.4,0.0,0,,,,,,,,,,
-1.0,-0.5,-1.2,68.8,70.5,64.7,-6.0,168.0,5.2,0.0,0,,,,,,,,,,
-1.4,-1.0,-1.7000000000000002,71.8,73.0,69.5,-5.8,179.1,7.6,0.0,0,,,,,,,,,,
-1.4,-1.0,-1.7000000000000002,69.8,71.3,67.6,-6.2,201.7,6.5,0.0,0,,,,,,,,,,
-1.8,-1.3,-2.4,72.7,75.8,69.9,-6.0,186.5,4.2,0.0,0,,,,,,,,,,
-2.1,-1.8,-2.3,73.7,75.5,71.5,-6.2,177.7,5.6,0.0,0,,,,,,,,,,
-2.1,-2.0,-2.3,73.6,74.5,72.9,-6.2,177.9,5.1,0.0,0,,,,,,,,,,
-2.1,-1.8,-2.5,73.0,74.7,71.5,-6.3,160.1,6.4,0.0,0,,,,,,,,,,
-2.5,-2.0,-2.8,75.4,77.2,72.9,-6.2,196.5,5.9,0.0,0,,,,,,,,,,
-2.4,-2.2,-2.8,75.7,76.9,74.6,-6.1,160.4,9.4,0.0,0,,,,,,,,,,
-1.9,-1.7000000000000002,-2.2,73.1,75.0,71.2,-6.1,175.9,8.9,0.0,0,,,,,,,,,,
-1.8,-1.5,-2.1,71.6,72.9,70.1,-6.2,161.7,9.4,0.0,0,,,,,,,,,,
-2.0,-1.6,-2.6,73.1,75.7,71.0,-6.2,170.7,7.6,0.0,0,,,,,,,,,,
-2.3,-1.9,-2.8,73.9,76.6,71.3,-6.3,181.3,10.4,0.0,0,,,,,,,,,,
-1.9,-1.7000000000000002,-2.1,70.7,71.6,70.0,-6.5,168.2,10.9,0.0,0,,,,,,,,,,
-2.4,-2.0,-2.7,71.8,73.1,70.3,-6.8,170.2,9.6,0.0,0,,,,,,,,,,
-1.9,-1.6,-2.3,68.9,70.6,67.8,-6.8,170.3,12.6,0.0,0,,,,,,,,,,
-2.1,-1.8,-2.7,69.9,71.8,68.4,-6.8,216.5,9.0,0.0,0,,,,,,,,,,
-3.0,-2.3,-3.9,73.4,77.1,70.5,-7.1,278.1,4.3,0.0,0,,,,,,,,,,
-4.1,-3.5,-4.5,80.2,83.4,77.1,-7.0,156.4,3.9,0.0,0,,,,,,,,,,
-3.3,-2.9,-3.7,74.5,75.9,72.8,-7.2,155.8,6.8,0.0,0,,,,,,,,,,
-3.1,-2.9,-3.5,72.1,74.8,70.5,-7.4,149.7,8.1,0.0,0,,,,,,,,,,
-2.9,-2.5,-3.2,69.4,71.1,67.8,-7.7,167.1,11.0,0.0,0,,,,,,,,,,
-2.9,-2.4,-3.1,69.7,70.6,67.7,-7.7,180.4,11.9,0.0,0,,,,,,,,,,
-2.9,-2.8,-3.0,70.1,70.8,69.2,-7.6,168.5,8.6,0.0,0,,,,,,,,,,
-3.5,-2.9,-4.3,71.9,75.2,70.0,-7.8,242.2,2.5,0.0,0,,,,,,,,,,
-4.3,-3.8,-5.2,74.3,80.4,71.2,-8.2,288.9,2.5,0.0,0,,,,,,,,,,
-3.9,-3.3,-5.1,72.0,80.8,68.5,-8.2,160.3,3.0,0.0,0,,,,,,,,,,
-3.2,-2.1,-3.7,67.2,70.4,60.9,-8.4,147.1,7.3,0.0,0,,,,,,,,,,
-2.4,-2.2,-2.7,62.2,63.4,60.9,-8.6,201.5,5.2,0.0,0,,,,,,,,,,
-1.4,-0.9,-2.2,58.0,61.1,56.6,-8.6,154.3,5.1,0.0,0,,,,,,,,,,
-0.4,0.2,-0.8,56.0,57.9,53.3,-8.1,172.2,6.5,0.0,0,,,,,,,,,,
0.6000000000000001,1.1,0.1,53.9,55.0,52.9,-7.6,229.2,7.1,0.0,6,,,,,,,,,,
1.4,1.7000000000000002,1.0,54.1,54.8,52.9,-6.8,125.4,7.2,0.0,1,,,,,,,,,,
2.0,2.3,1.6,52.2,53.8,49.2,-6.7,196.8,10.2,0.0,0,,,,,,,,,,
2.4,2.7,2.0,51.9,54.1,50.3,-6.4,172.6,11.5,0.0,3,,,,,,,,,,
2.3,2.5,2.1,51.9,53.8,50.3,-6.5,153.7,13.3,0.0,0,,,,,,,,,,
2.3,2.4,2.1,53.4,56.3,51.2,-6.2,159.4,12.4,0.0,0,,,,,,,,,,
2.5,2.9,2.2,53.7,55.2,52.6,-5.9,136.8,10.5,0.0,0,,,,,,,,,,
2.8,3.1,2.6,52.7,54.5,51.5,-5.9,187.2,7.8,0.0,1,,,,,,,,,,
2.8,2.9,2.6,51.9,54.3,50.2,-6.1,168.9,13.0,0.0,1,,,,,,,,,,
2.7,2.8,2.5,54.1,56.1,53.4,-5.6,184.2,15.5,0.0,0,,,,,,,,,,
2.4,2.6,2.4,54.5,55.5,53.5,-5.8,163.2,17.4,0.0,0,,,,,,,,,,
2.6,2.7,2.2,54.2,56.0,52.6,-5.7,181.4,16.5,0.0,0,,,,,,,,,,
2.0,2.2,1.9,56.7,58.4,55.3,-5.7,186.2,11.3,0.0,0,,,,,,,,,,
1.7000000000000002,2.0,1.3,58.4,61.4,56.2,-5.6,144.9,10.8,0.0,0,,,,,,,,,,
0.9,1.2,0.7000000000000001,63.0,64.4,61.3,-5.3,172.9,9.4,0.0,0,,,,,,,,,,
1.3,1.6,1.0,59.5,61.7,57.6,-5.7,193.5,12.6,0.0,0,,,,,,,,,,
1.6,1.9,1.4,56.5,58.6,54.5,-6.1,176.7,11.9,0.0,0,,,,,,,,,,
2.0,2.4,1.7000000000000002,54.2,56.3,51.9,-6.2,186.2,11.5,0.0,0,,,,,,,,,,
2.2,2.4,1.9,52.7,54.4,51.0,-6.4,172.3,10.3,0.0,0,,,,,,,,,,
2.4,2.9,2.1,50.3,52.4,47.8,-6.8,196.5,10.5,0.0,0,,,,,,,,,,
2.6,2.8,2.3,47.7,49.9,45.5,-7.3,168.7,19.3,0.0,0,,,,,,,,,,
3.0,3.2,2.7,44.5,46.4,43.1,-7.9,179.2,19.4,0.0,0,,,,,,,,,,
3.4,3.7,3.1,41.4,42.9,38.0,-8.4,171.1,16.4,0.0,0,,,,,,,,,,
3.6,3.8,3.5,39.7,41.3,38.9,-8.8,185.6,12.6,0.0,0,,,,,,,,,,
4.5,4.8,4.0,36.6,38.2,34.5,-9.0,189.3,23.0,0.0,0,,,,,,,,,,
4.5,4.6,4.4,37.3,38.8,36.3,-8.8,174.4,20.7,0.0,0,,,,,,,,,,
4.4,4.5,4.3,37.8,39.8,36.2,-8.7,199.9,10.6,0.0,0,,,,,,,,,,
3.5,4.3,1.9,45.0,57.9,37.5,-7.3,311.7,5.4,0.0,0,,,,,,,,,,
0.9,1.7000000000000002,0.1,67.2,74.7,58.2,-4.5,306.2,3.9,0.0,0,,,,,,,,,,
2.1,2.9,1.1,55.8,64.8,49.2,-5.8,285.5,5.5,0.0,0,,,,,,,,,,
2.4,2.9,2.0,56.6,64.0,49.2,-5.3,185.3,9.8,0.0,9,,,,,,,,,,
2.5,3.0,2.2,60.7,67.6,57.4,-4.3,187.6,12.8,0.0,2,,,,,,,,,,
2.8,3.1,2.5,77.0,81.9,68.7,-0.8,171.8,14.4,0.0,3,,,,,,,,,,
2.2,2.6,1.7000000000000002,82.4,83.4,81.4,-0.5,267.7,4.2,0.0,2,,,,,,,,,,
1.8,2.3,1.5,82.1,84.8,79.7,-0.9,120.0,5.0,0.0,2,,,,,,,,,,
2.1,2.4,1.7000000000000002,80.0,83.5,76.7,-1.0,119.6,7.6,0.0,1,,,,,,,,,,
2.1,2.6,1.8,77.8,79.8,72.5,-1.4,144.5,6.4,0.0,0,,,,,,,,,,
2.0,2.4,1.6,75.0,79.1,70.8,-1.9,153.8,5.6,0.0,0,,,,,,,,,,
2.2,2.4,1.7000000000000002,70.6,75.5,67.2,-2.6,167.4,9.4,0.0,0,,,,,,,,,,
2.3,2.5,2.0,66.2,68.0,64.6,-3.3,171.8,9.0,0.0,0,,,,,,,,,,
2.2,2.4,1.7000000000000002,65.2,68.1,63.6,-3.6,124.4,7.5,0.0,0,,,,,,,,,,
2.2,2.5,1.7000000000000002,64.1,67.6,61.4,-3.9,179.1,7.8,0.0,0,,,,,,,,,,
1.3,2.5,-0.1,68.6,78.5,59.8,-3.8,291.5,2.4,0.0,1,,,,,,,,,,
-0.8,0.4,-1.3,83.7,88.8,76.2,-3.2,318.7,3.1,0.0,10,,,,,,,,,,
-0.9,-0.30000000000000004,-1.1,86.0,88.4,82.6,-2.9,117.0,2.1,0.0,10,,,,,,,,,,
-0.5,0.6000000000000001,-1.4,83.7,90.9,75.2,-2.9,228.0,5.6,0.0,3,,,,,,,,,,
-0.7000000000000001,-0.30000000000000004,-1.4,89.3,91.6,87.5,-2.2,91.2,3.2,0.0,1,,,,,,,,,,
-0.6000000000000001,0.2,-0.9,87.8,89.4,84.4,-2.4,92.2,5.3,0.0,2,,,,,,,,,,
1.4,2.7,0.30000000000000004,76.5,83.3,67.8,-2.3,190.2,6.4,0.0,0,,,,,,,,,,
3.6,4.4,2.6,62.2,68.5,58.7,-2.9,235.2,7.3,0.0,0,,,,,,,,,,
2.7,4.9,1.4,69.5,75.1,59.6,-2.3,168.5,5.2,0.0,0,,,,,,,,,,
5.4,6.4,4.7,58.3,61.4,55.8,-2.1,174.4,8.2,0.0,0,,,,,,,,,,
7.2,7.8,6.7,53.1,55.2,51.1,-1.7000000000000002,151.2,8.3,0.2,0,,,,,,,,,,
7.0,8.4,5.4,55.5,61.5,50.5,-1.3,229.8,6.6,0.4,0,,,,,,,,,,
6.7,7.6,5.7,56.8,58.9,54.4,-1.2,337.9,8.3,0.4,0,,,,,,,,,,
7.2,7.7,6.3,57.2,60.5,54.8,-0.7000000000000001,283.1,7.2,0.6000000000000001,0,,,,,,,,,,
6.7,7.0,6.3,59.8,61.6,58.1,-0.5,318.2,6.4,0.2,0,,,,,,,,,,
7.5,8.3,6.9,59.1,61.3,56.1,0.1,30.7,3.8,0.2,0,,,,,,,,,,
8.3,8.6,7.8,57.3,59.9,54.7,0.4,25.8,3.7,0.2,0,,,,,,,,,,
8.0,8.3,7.6,59.0,61.1,57.1,0.5,62.6,4.7,0.2,0,,,,,,,,,,
8.1,8.7,7.7,59.4,61.6,57.7,0.7000000000000001,340.3,3.9,0.0,0,,,,,,,,,,
7.9,8.5,6.9,60.2,62.9,57.8,0.7000000000000001,120.2,3.1,0.0,0,,,,,,,,,,
6.7,7.0,6.5,63.9,65.7,62.6,0.4,216.0,1.7000000000000002,0.0,0,,,,,,,,,,
6.3,6.5,5.9,66.7,67.5,65.7,0.6000000000000001,173.1,1.2,0.0,1,,,,,,,,,,
5.3,5.7,5.1,69.8,70.7,68.8,0.30000000000000004,155.6,4.1,0.0,1,,,,,,,,,,
5.3,5.6,5.0,69.7,71.0,68.1,0.2,178.1,5.6,0.0,1,,,,,,,,,,
5.5,6.0,4.8,68.0,70.5,66.0,0.1,164.1,6.4,0.0,0,,,,,,,,,,
3.9,4.6,3.4,73.8,75.8,71.3,-0.30000000000000004,164.3,5.2,0.0,1,,,,,,,,,,
4.2,5.2,3.3,71.6,76.2,66.6,-0.5,166.6,4.9,0.0,1,,,,,,,,,,
4.3,5.0,2.8,69.7,77.5,67.4,-0.7000000000000001,162.4,2.4,0.0,1,,,,,,,,,,
3.5,4.1,2.7,73.7,77.4,71.2,-0.7000000000000001,238.9,4.3,0.0,1,,,,,,,,,,
3.5,3.8,3.3,73.3,74.6,71.4,-0.8,142.0,5.3,0.0,1,,,,,,,,,,
3.6,4.1,3.1,73.2,75.5,71.0,-0.7000000000000001,169.1,3.6,0.0,1,,,,,,,,,,
3.1,3.9,2.6,74.3,76.9,70.8,-1.0,180.0,2.3,0.0,1,,,,,,,,,,
3.1,3.4,2.8,74.6,75.9,73.1,-1.0,185.7,3.5,0.0,1,,,,,,,,,,
3.1,3.4,2.9,73.9,75.1,72.6,-1.1,181.8,3.0,0.0,2,,,,,,,,,,
3.2,3.7,2.9,73.1,74.9,71.0,-1.1,124.6,3.2,0.0,2,,,,,,,,,,
3.5,3.9,3.3,72.4,73.4,70.9,-1.0,227.0,3.0,0.0,1,,,,,,,,,,
3.8,4.3,3.6,71.1,72.5,69.1,-0.9,216.7,4.8,0.0,1,,,,,,,,,,
4.1,4.7,3.6,70.1,72.1,67.6,-0.8,181.7,6.3,0.0,1,,,,,,,,,,
4.5,4.8,4.3,68.6,69.8,67.5,-0.7000000000000001,178.2,8.3,0.0,0,,,,,,,,,,
4.7,5.0,4.5,68.4,69.1,67.7,-0.6000000000000001,175.1,11.7,0.0,0,,,,,,,,,,
5.0,5.1,4.8,67.8,68.6,67.4,-0.4,176.7,14.1,0.0,0,,,,,,,,,,
4.9,5.0,4.7,68.9,69.8,68.2,-0.30000000000000004,195.1,12.0,0.0,0,,,,,,,,,,
5.0,5.2,4.7,67.9,69.4,66.8,-0.4,184.7,10.2,0.0,0,,,,,,,,,,
5.4,5.6,5.0,65.8,67.9,64.8,-0.5,183.2,12.4,0.0,0,,,,,,,,,,
5.7,6.0,5.5,64.4,65.6,63.0,-0.5,165.3,15.8,0.0,0,,,,,,,,,,
5.8,5.9,5.6,64.2,64.9,63.4,-0.4,168.2,14.2,0.0,0,,,,,,,,,,
5.6,5.7,5.4,64.7,65.6,64.2,-0.5,164.7,16.3,0.0,0,,,,,,,,,,
4.9,5.3,4.7,67.5,69.0,65.7,-0.6000000000000001,159.8,16.0,0.0,0,,,,,,,,,,
4.7,4.8,4.6,68.4,69.2,67.7,-0.6000000000000001,161.8,14.9,0.0,0,,,,,,,,,,
4.6,4.8,4.5,68.8,69.3,68.2,-0.6000000000000001,153.6,15.8,0.0,0,,,,,,,,,,
5.2,5.5,4.8,66.4,67.7,65.0,-0.5,175.8,15.6,0.0,0,,,,,,,,,,
5.7,6.0,5.4,64.2,65.6,63.1,-0.5,177.8,15.4,0.0,0,,,,,,,,,,
6.1,6.2,5.9,63.1,64.0,62.3,-0.4,170.0,14.7,0.0,0,,,,,,,,,,
6.1,6.2,6.0,63.0,63.9,62.5,-0.4,167.3,18.2,0.0,0,,,,,,,,,,
6.7,7.3,6.1,61.1,63.2,58.8,-0.2,179.0,19.2,0.0,0,,,,,,,,,,
7.7,7.9,7.3,57.2,58.0,56.0,-0.2,176.3,16.0,0.0,0,,,,,,,,,,
8.1,8.2,7.9,55.6,56.1,54.9,-0.2,181.4,17.4,0.0,0,,,,,,,,,,
8.2,8.3,8.1,55.5,56.3,54.9,-0.1,169.2,18.0,0.0,0,,,,,,,,,,
8.5,8.8,8.4,54.3,55.3,52.1,-0.2,186.5,17.1,0.0,0,,,,,,,,,,
8.9,8.9,8.8,51.9,53.4,50.7,-0.4,182.0,18.0,0.0,0,,,,,,,,,,
8.8,8.9,8.7,50.0,51.9,48.4,-1.0,206.0,16.3,0.0,0,,,,,,,,,,
9.2,9.3,8.9,46.8,48.5,45.5,-1.5,183.2,15.1,0.0,0,,,,,,,,,,
9.5,9.8,9.3,45.4,46.6,44.6,-1.7000000000000002,177.7,21.9,0.0,0,,,,,,,,,,
9.8,9.9,9.7,46.9,48.5,45.3,-1.0,174.9,15.6,0.0,0,,,,,,,,,,
9.7,9.8,9.6,49.5,50.4,48.4,-0.30000000000000004,174.1,17.2,0.0,0,,,,,,,,,,
9.7,9.7,9.6,50.7,51.7,49.5,0.0,201.3,16.8,0.0,0,,,,,,,,,,
9.3,9.5,9.1,52.4,53.5,51.3,0.1,194.9,11.4,0.0,0,,,,,,,,,,
8.7,9.0,8.3,55.3,57.3,53.6,0.30000000000000004,180.2,9.1,0.0,0,,,,,,,,,,
8.3,8.7,8.0,57.2,58.5,55.3,0.4,178.5,12.9,0.0,0,,,,,,,,,,
7.8,8.0,7.6,59.3,60.2,58.7,0.4,191.8,10.7,0.0,0,,,,,,,,,,
7.5,7.8,7.1,60.0,62.0,59.2,0.30000000000000004,187.5,8.4,0.0,0,,,,,,,,,,
7.3,7.5,6.7,61.2,63.8,60.1,0.30000000000000004,169.6,8.4,0.0,0,,,,,,,,,,
6.8,7.1,6.4,63.8,65.1,62.8,0.4,189.9,10.5,0.0,0,,,,,,,,,,
7.1,7.2,7.0,63.4,63.9,62.9,0.6000000000000001,180.4,10.6,0.0,0,,,,,,,,,,
6.8,7.1,6.5,64.6,66.0,63.6,0.6000000000000001,138.4,7.8,0.0,0,,,,,,,,,,
6.2,6.7,5.9,66.8,68.6,64.9,0.5,170.0,9.0,0.0,0,,,,,,,,,,
6.2,6.5,5.8,67.0,68.8,65.9,0.6000000000000001,181.9,11.1,0.0,0,,,,,,,,,,
6.6,6.7,6.4,65.6,66.3,65.0,0.6000000000000001,174.2,8.4,0.0,0,,,,,,,,,,
6.0,6.7,5.3,68.5,71.1,65.3,0.7000000000000001,167.0,3.4,0.0,0,,,,,,,,,,
5.9,6.1,5.6,68.8,69.8,67.8,0.6000000000000001,187.2,5.3,0.0,0,,,,,,,,,,
5.6,6.1,4.9,69.5,72.8,67.8,0.5,200.2,2.1,0.0,1,,,,,,,,,,
5.2,5.4,5.0,71.7,72.6,70.6,0.5,206.9,5.6,0.0,1,,,,,,,,,,
5.3,5.6,5.0,71.9,73.0,69.8,0.7000000000000001,164.9,5.8,0.0,0,,,,,,,,,,
5.0,5.2,4.5,73.5,74.6,72.8,0.7000000000000001,210.0,6.9,0.0,1,,,,,,,,,,
5.0,5.2,4.6,74.1,75.7,72.9,0.8,244.4,5.9,0.0,1,,,,,,,,,,
4.6,5.1,4.1,75.4,78.1,72.8,0.6000000000000001,202.3,4.9,0.0,1,,,,,,,,,,
4.8,5.2,4.5,75.4,76.9,74.3,0.8,122.4,6.0,0.0,1,,,,,,,,,,
5.1,5.6,4.7,74.9,76.3,73.2,1.0,188.3,7.2,0.0,0,,,,,,,,,,
5.3,5.7,4.8,74.8,76.9,73.1,1.2,157.2,4.4,0.0,1,,,,,,,,,,
5.4,5.7,4.8,74.9,77.7,73.3,1.3,38.3,6.6,0.0,0,,,,,,,,,,
5.1,5.9,4.3,76.6,79.8,73.3,1.3,132.1,8.1,0.0,1,,,,,,,,,,
4.5,5.5,3.3,79.2,84.6,74.8,1.2,250.3,10.3,0.0,1,,,,,,,,,,
7.8,10.1,4.3,60.0,78.3,47.2,0.5,231.4,12.7,0.0,0,,,,,,,,,,
7.0,10.5,5.1,61.9,71.8,44.9,0.2,291.4,9.3,0.0,0,,,,,,,,,,
6.9,9.1,4.7,61.5,74.0,50.6,0.0,269.5,7.7,0.0,0,,,,,,,,,,
9.5,10.5,8.9,47.4,50.6,43.1,-1.1,269.9,12.9,0.0,0,,,,,,,,,,
9.8,10.8,8.3,45.9,51.6,42.0,-1.3,289.4,18.0,0.0,0,,,,,,,,,,
9.0,9.3,8.5,48.6,50.7,47.3,-1.2,289.7,13.1,0.0,0,,,,,,,,,,
8.5,9.4,7.7,50.7,53.2,47.4,-1.1,298.7,11.6,0.0,0,,,,,,,,,,
7.9,8.4,7.4,52.7,54.9,50.6,-1.1,284.6,8.7,0.0,0,,,,,,,,,,
8.5,9.0,7.9,51.5,53.5,50.0,-0.9,238.6,6.9,0.0,0,,,,,,,,,,
8.9,9.5,8.8,51.6,53.0,50.8,-0.5,205.7,7.0,0.0,0,,,,,,,,,,
10.8,11.5,9.6,46.3,50.6,43.5,-0.2,274.9,9.7,0.0,0,,,,,,,,,,
10.8,11.4,10.3,48.7,51.9,43.8,0.5,336.6,7.0,0.0,0,,,,,,,,,,
11.3,11.9,10.8,49.6,51.8,47.5,1.2,281.0,4.6,0.0,0,,,,,,,,,,
12.2,12.7,11.8,48.0,50.8,46.4,1.5,358.0,4.9,0.0,0,,,,,,,,,,
12.9,13.3,12.6,49.2,51.8,46.7,2.5,3.5,5.4,0.0,0,,,,,,,,,,
12.6,12.9,12.4,47.7,50.1,46.1,1.8,65.3,5.3,0.0,0,,,,,,,,,,
13.1,13.7,12.8,46.0,48.7,43.6,1.8,17.8,4.1,0.0,0,,,,,,,,,,
13.4,13.7,13.2,46.4,47.7,43.5,2.2,4.5,4.7,0.0,0,,,,,,,,,,
13.4,13.9,13.0,46.2,49.1,43.7,2.1,166.5,6.1,0.0,0,,,,,,,,,,
13.9,14.5,13.4,44.6,46.2,41.6,2.1,47.6,4.6,0.0,0,,,,,,,,,,
13.9,14.4,13.4,44.8,46.4,43.0,2.1,66.6,3.9,0.0,0,,,,,,,,,,
14.0,14.5,13.5,42.1,45.5,40.1,1.4,222.0,3.9,0.0,0,,,,,,,,,,
13.8,14.3,13.1,42.1,43.6,41.0,1.2,295.8,3.0,0.0,0,,,,,,,,,,
13.0,13.2,12.6,42.4,44.2,41.4,0.6000000000000001,5.5,2.8,0.0,0,,,,,,,,,,
11.5,12.3,11.1,45.9,47.5,43.5,0.30000000000000004,28.1,3.1,0.0,0,,,,,,,,,,
10.7,11.3,10.2,48.3,49.9,46.3,0.30000000000000004,116.3,2.9,0.0,0,,,,,,,,,,
9.9,10.3,9.7,51.6,52.3,50.2,0.4,138.0,3.8,0.0,0,,,,,,,,,,
9.9,10.1,9.7,51.6,52.5,50.6,0.4,146.9,4.2,0.0,0,,,,,,,,,,
10.0,10.1,9.7,51.0,52.0,50.5,0.4,152.2,4.2,0.0,0,,,,,,,,,,
9.2,9.6,8.8,54.3,55.9,52.7,0.5,156.3,4.8,0.0,0,,,,,,,,,,
8.1,9.1,6.8,58.4,63.8,54.0,0.5,297.0,4.0,0.0,0,,,,,,,,,,
7.0,7.3,6.7,65.0,67.3,61.9,0.9,185.5,4.0,0.0,1,,,,,,,,,,
7.3,7.4,7.1,64.0,64.5,63.5,1.0,273.8,2.9,0.0,0,,,,,,,,,,
6.6,7.3,5.0,65.6,71.7,63.3,0.6000000000000001,155.0,1.8,0.0,1,,,,,,,,,,
5.4,6.6,4.2,70.3,73.7,65.7,0.4,135.8,3.6,0.0,1,,,,,,,,,,
4.8,5.4,4.1,72.4,75.3,69.9,0.30000000000000004,99.4,3.3,0.0,2,,,,,,,,,,
4.6,4.8,4.3,70.0,71.5,68.7,-0.4,46.2,3.4,0.0,2,,,,,,,,,,
4.3,4.5,4.0,69.7,70.8,69.0,-0.7000000000000001,124.4,3.0,0.0,2,,,,,,,,,,
4.0,4.1,3.9,70.9,71.8,70.4,-0.8,111.6,3.2,0.0,2,,,,,,,,,,
4.0,4.2,3.9,70.9,71.5,70.3,-0.8,46.7,4.8,0.0,2,,,,,,,,,,
3.6,4.1,3.2,72.3,73.8,70.9,-0.9,144.0,3.0,0.0,3,,,,,,,,,,
3.2,3.4,2.9,74.8,75.7,73.9,-0.8,95.6,2.8,0.0,4,,,,,,,,,,
3.8,4.1,3.5,72.8,73.9,71.8,-0.6000000000000001,127.9,2.5,0.0,3,,,,,,,,,,
3.5,4.1,2.9,73.9,76.1,71.3,-0.7000000000000001,181.5,0.4,0.0,4,,,,,,,,,,
3.5,4.0,2.9,73.9,76.8,72.0,-0.7000000000000001,200.0,0.4,0.0,9,,,,,,,,,,
3.5,3.7,3.0,74.2,76.3,73.4,-0.6000000000000001,135.6,1.9,0.0,8,,,,,,,,,,
3.4,3.7,3.0,74.6,76.3,73.6,-0.7000000000000001,172.9,2.8,0.0,6,,,,,,,,,,
2.7,3.1,2.3,77.7,79.8,76.1,-0.8,172.3,4.5,0.0,3,,,,,,,,,,
3.1,3.7,2.4,76.8,79.6,74.3,-0.6000000000000001,185.5,3.8,0.0,1,,,,,,,,,,
3.4,3.8,2.7,75.9,79.0,73.9,-0.4,185.3,2.9,0.0,1,,,,,,,,,,
3.7,4.1,3.4,74.4,75.3,72.9,-0.4,103.7,4.4,0.0,1,,,,,,,,,,
3.9,4.3,3.4,74.2,76.2,72.8,-0.30000000000000004,149.6,5.7,0.0,1,,,,,,,,,,
4.5,4.7,4.3,71.1,73.3,69.7,-0.30000000000000004,142.1,7.2,0.0,0,,,,,,,,,,
4.5,4.6,4.3,71.2,72.1,70.3,-0.2,96.6,6.5,0.0,0,,,,,,,,,,
4.2,4.5,4.0,72.3,73.6,70.8,-0.30000000000000004,73.5,4.2,0.0,0,,,,,,,,,,
4.2,4.5,4.0,72.7,73.4,71.8,-0.2,117.0,5.2,0.0,0,,,,,,,,,,
4.5,4.6,4.3,72.1,72.7,71.6,-0.1,116.7,6.5,0.0,1,,,,,,,,,,
4.7,5.2,4.3,71.0,73.3,68.8,-0.1,169.4,8.3,0.0,1,,,,,,,,,,
5.8,6.0,5.3,67.1,68.7,66.0,0.2,162.4,9.5,0.0,0,,,,,,,,,,
6.2,6.5,5.9,64.8,65.7,63.2,0.1,165.2,10.6,0.0,0,,,,,,,,,,
7.2,7.7,6.7,61.8,63.9,60.3,0.4,181.4,12.2,0.0,0,,,,,,,,,,
8.1,8.6,7.6,59.8,61.0,58.8,0.8,200.1,12.4,0.0,0,,,,,,,,,,
7.9,8.4,7.7,59.5,60.1,57.8,0.5,159.6,13.3,0.0,0,,,,,,,,,,
8.3,8.5,8.2,58.1,58.5,57.1,0.6000000000000001,188.5,12.1,0.0,0,,,,,,,,,,
8.5,8.8,8.3,58.5,59.8,57.6,0.9,165.8,9.4,0.0,0,,,,,,,,,,
9.3,10.0,8.4,56.6,58.7,54.8,1.1,147.5,6.8,0.0,0,,,,,,,,,,
9.6,9.9,9.3,56.4,57.3,55.4,1.4,233.6,10.2,0.0,0,,,,,,,,,,
9.3,9.4,9.2,57.4,58.3,56.6,1.3,160.7,8.4,0.0,0,,,,,,,,,,
9.5,9.6,9.3,57.4,58.0,56.5,1.5,169.1,8.0,0.0,0,,,,,,,,,,
9.5,9.8,9.4,57.5,58.1,57.2,1.6,179.8,5.9,0.0,0,,,,,,,,,,
10.4,10.9,10.0,55.1,56.4,53.9,1.8,178.9,8.3,0.0,0,,,,,,,,,,
9.5,10.1,9.0,57.5,59.1,55.9,1.6,170.2,8.6,0.0,0,,,,,,,,,,
8.6,8.9,8.2,60.2,61.5,59.4,1.3,143.9,8.1,0.0,0,,,,,,,,,,
8.1,8.3,8.0,61.7,62.2,61.0,1.2,164.6,10.6,0.0,0,,,,,,,,,,
7.7,7.9,7.6,63.3,63.9,62.5,1.2,141.0,10.0,0.0,0,,,,,,,,,,
7.6,7.8,7.5,63.8,64.3,63.2,1.2,144.2,9.0,0.0,0,,,,,,,,,,
7.8,7.9,7.5,63.4,64.3,63.0,1.3,171.3,13.8,0.0,0,,,,,,,,,,
7.9,8.1,7.7,63.6,64.2,62.9,1.4,198.8,10.5,0.0,0,,,,,,,,,,
8.2,8.3,8.0,63.3,64.1,62.6,1.7000000000000002,206.0,10.5,0.0,0,,,,,,,,,,
7.7,8.1,7.4,65.7,67.4,64.0,1.7000000000000002,215.7,6.3,0.0,0,,,,,,,,,,
7.2,7.4,6.9,68.4,69.9,66.9,1.8,221.9,6.8,0.0,0,,,,,,,,,,
7.0,7.1,6.8,69.6,71.0,69.0,1.8,214.4,6.0,0.0,1,,,,,,,,,,
6.8,7.1,6.5,70.1,71.4,68.5,1.8,164.2,4.5,0.0,1,,,,,,,,,,
6.5,6.8,6.3,71.1,72.9,69.9,1.7000000000000002,162.4,2.3,0.0,1,,,,,,,,,,
6.0,6.4,5.7,73.1,75.2,70.7,1.6,126.6,2.1,0.0,3,,,,,,,,,,
6.0,6.3,5.7,73.2,74.2,71.2,1.6,12.3,1.7000000000000002,0.0,2,,,,,,,,,,
5.6,6.5,4.6,74.9,79.3,70.6,1.5,202.9,3.4,0.0,2,,,,,,,,,,
5.2,6.5,4.5,77.9,80.9,71.5,1.7000000000000002,231.0,6.2,0.0,3,,,,,,,,,,
6.4,6.9,5.3,71.5,75.9,69.8,1.6,224.5,6.0,0.0,2,,,,,,,,,,
5.3,7.1,2.9,76.4,89.2,67.6,1.5,16.3,7.2,0.0,3,,,,,,,,,,
3.5,3.8,3.2,82.7,88.4,79.3,0.8,157.3,4.4,0.0,10,,,,,,,,,,
2.9,3.7,1.3,83.4,90.2,79.6,0.4,68.8,4.6,0.0,10,,,,,,,,,,
3.0,4.9,1.6,85.7,92.6,74.8,0.8,141.0,5.0,0.0,10,,,,,,,,,,
4.8,5.2,4.2,74.8,77.6,72.4,0.7000000000000001,131.2,5.5,0.0,3,,,,,,,,,,
4.9,5.4,4.2,72.8,73.9,71.8,0.4,120.6,5.2,0.0,2,,,,,,,,,,
4.7,5.8,3.3,66.7,77.0,56.8,-0.9,15.4,4.6,0.0,1,,,,,,,,,,
4.9,5.9,4.2,63.5,70.3,56.5,-1.4,129.3,4.3,0.0,1,,,,,,,,,,
5.0,5.3,4.6,64.1,67.4,60.7,-1.2,137.5,5.7,0.0,1,,,,,,,,,,
4.4,4.9,4.1,65.8,67.2,64.0,-1.4,162.4,5.5,0.0,1,,,,,,,,,,
4.5,4.8,4.0,64.0,66.1,62.3,-1.7000000000000002,166.9,6.1,0.0,0,,,,,,,,,,
4.3,4.7,3.8,64.1,67.1,62.1,-1.9,161.7,4.6,0.0,1,,,,,,,,,,
4.0,4.6,3.7,64.3,66.6,59.4,-2.1,150.7,4.4,0.0,0,,,,,,,,,,
4.1,4.8,2.8,61.4,68.4,57.2,-2.6,144.8,4.1,0.0,0,,,,,,,,,,
4.2,5.3,2.1,62.3,76.3,55.1,-2.3,59.7,3.8,0.0,0,,,,,,,,,,
4.0,4.8,2.4,66.9,74.9,62.8,-1.6,83.0,3.4,0.0,1,,,,,,,,,,
5.1,6.8,3.4,63.4,68.7,58.8,-1.3,95.1,2.2,0.0,0,,,,,,,,,,
7.3,8.4,6.5,58.7,63.3,52.6,-0.2,308.5,2.0,0.0,0,,,,,,,,,,
8.2,8.9,6.5,54.8,59.4,50.7,-0.30000000000000004,194.1,2.6,0.0,0,,,,,,,,,,
9.0,9.9,7.7,53.3,58.6,47.0,0.0,23.4,3.6,0.0,0,,,,,,,,,,
10.0,10.6,9.3,44.8,55.5,38.1,-1.4,83.2,3.9,0.0,0,,,,,,,,,,
10.1,10.6,9.4,44.6,55.9,37.0,-1.4,329.9,4.2,0.0,0,,,,,,,,,,
9.8,10.1,9.5,49.6,56.0,40.9,-0.2,329.2,4.9,0.0,0,,,,,,,,,,
10.2,10.5,10.1,46.4,49.7,43.8,-0.8,327.4,5.1,0.0,0,,,,,,,,,,
10.8,11.2,10.3,42.7,45.2,40.8,-1.3,9.7,4.2,0.0,0,,,,,,,,,,
11.0,11.4,10.8,41.2,43.3,39.4,-1.6,299.2,3.8,0.0,0,,,,,,,,,,
11.1,11.6,10.9,42.3,45.2,40.0,-1.2,190.7,5.1,0.0,0,,,,,,,,,,
11.2,12.0,10.8,43.9,45.1,41.9,-0.6000000000000001,184.7,4.9,0.0,0,,,,,,,,,,
11.0,11.3,10.7,41.9,44.5,38.9,-1.4,236.3,5.3,0.0,0,,,,,,,,,,
10.7,10.8,10.5,38.9,42.3,36.5,-2.7,247.2,5.9,0.0,0,,,,,,,,,,
10.2,10.7,9.9,38.4,39.7,36.6,-3.3,293.8,4.8,0.0,0,,,,,,,,,,
8.9,9.7,8.3,44.7,48.2,40.3,-2.4,24.0,4.6,0.0,0,,,,,,,,,,
8.4,8.5,8.1,47.8,48.4,47.4,-2.0,20.9,1.9,0.0,0,,,,,,,,,,
7.4,8.2,7.1,50.0,51.0,48.4,-2.3,161.1,1.8,0.0,0,,,,,,,,,,
7.8,8.1,7.3,46.6,50.3,45.3,-2.9,300.9,2.1,0.0,0,,,,,,,,,,
7.5,8.0,7.3,45.0,48.1,37.9,-3.6,302.5,3.0,0.0,0,,,,,,,,,,
7.2,7.8,6.7,40.8,41.9,39.5,-5.2,254.7,4.5,0.0,0,,,,,,,,,,
6.4,6.8,5.9,39.5,43.1,36.6,-6.3,285.5,6.1,0.0,0,,,,,,,,,,
5.5,5.8,5.2,43.5,44.5,42.0,-5.9,244.8,3.3,0.0,0,,,,,,,,,,
4.8,5.2,4.1,44.8,48.3,41.3,-6.1,284.6,2.4,0.0,0,,,,,,,,,,
4.9,5.2,4.4,43.2,46.0,41.2,-6.5,1.1,4.8,0.0,0,,,,,,,,,,
2.2,4.0,1.7000000000000002,57.1,60.7,46.0,-5.4,150.0,3.0,0.0,0,,,,,,,,,,
2.4,3.2,1.6,56.1,60.3,52.8,-5.4,143.0,3.5,0.0,0,,,,,,,,,,
3.7,3.9,3.3,49.3,52.3,48.0,-5.9,151.4,3.6,0.0,0,,,,,,,,,,
4.0,4.5,3.6,46.3,48.7,44.5,-6.4,235.6,2.9,0.0,0,,,,,,,,,,
3.7,4.4,2.9,47.2,50.6,44.7,-6.5,156.9,0.9,0.0,0,,,,,,,,,,
2.5,3.8,1.6,51.4,55.6,44.7,-6.5,175.9,4.7,0.0,0,,,,,,,,,,
2.9,4.3,1.5,48.8,55.0,43.5,-6.8,158.8,4.0,0.0,0,,,,,,,,,,
2.9,3.8,2.2,47.9,51.4,44.1,-7.0,148.9,4.3,0.0,0,,,,,,,,,,
2.6,2.9,1.7000000000000002,48.7,52.7,46.9,-7.1,153.9,4.9,0.0,0,,,,,,,,,,
3.2,3.7,2.1,45.6,47.7,44.1,-7.4,139.4,5.2,0.0,0,,,,,,,,,,
3.2,3.9,2.6,45.5,48.1,42.3,-7.4,167.6,4.4,0.0,0,,,,,,,,,,
3.6,5.0,2.5,43.4,47.9,37.8,-7.6,136.4,2.0,0.0,0,,,,,,,,,,
1.8,2.1,1.3,50.4,52.2,48.9,-7.4,151.0,3.6,0.0,0,,,,,,,,,,
2.3,2.5,1.8,48.6,50.4,47.7,-7.4,174.7,3.0,0.0,0,,,,,,,,,,
1.6,2.8,0.1,52.8,61.6,47.6,-7.0,269.5,1.9,0.0,0,,,,,,,,,,
-0.1,0.4,-0.9,64.2,67.1,61.1,-6.0,158.9,2.6,0.0,1,,,,,,,,,,
0.0,0.4,-1.0,60.4,68.3,57.4,-6.7,142.5,3.4,0.0,0,,,,,,,,,,
0.5,1.0,0.1,57.0,59.1,55.0,-7.0,275.1,3.4,0.0,0,,,,,,,,,,
0.4,1.4,-0.2,59.1,61.4,57.1,-6.6,177.4,3.3,0.0,0,,,,,,,,,,
1.5,2.0,0.9,58.8,60.2,57.2,-5.7,153.4,2.3,0.0,0,,,,,,,,,,
1.7000000000000002,1.8,1.4,59.8,61.3,58.7,-5.2,152.9,2.4,0.0,0,,,,,,,,,,
1.6,1.9,1.3,62.5,63.6,61.3,-4.8,151.8,1.7000000000000002,0.0,1,,,,,,,,,,
1.9,2.2,1.1,60.8,64.8,58.8,-4.8,310.1,1.6,0.0,0,,,,,,,,,,
2.3,3.2,1.3,60.3,62.9,58.8,-4.6,282.5,1.7000000000000002,0.0,0,,,,,,,,,,
3.3,4.7,2.4,58.8,61.2,56.3,-4.0,280.9,1.9,0.0,0,,,,,,,,,,
5.2,5.9,4.4,57.5,58.8,55.9,-2.5,80.2,2.4,0.0,0,,,,,,,,,,
5.9,6.2,5.6,58.5,60.4,57.2,-1.6,29.4,3.3,0.0,0,,,,,,,,,,
6.4,6.9,5.8,59.2,61.1,57.5,-1.0,12.0,5.3,0.0,0,,,,,,,,,,
6.7,7.3,6.1,58.9,60.9,57.0,-0.7000000000000001,101.4,5.3,0.0,0,,,,,,,,,,
7.5,7.9,7.1,55.9,58.9,53.9,-0.7000000000000001,119.1,4.3,0.0,0,,,,,,,,,,
8.0,8.3,7.2,53.2,55.3,50.3,-0.9,231.3,3.5,0.0,0,,,,,,,,,,
8.5,8.9,8.0,53.1,55.9,49.5,-0.5,310.0,4.5,0.0,0,,,,,,,,,,
8.6,8.9,8.0,54.8,57.3,52.8,0.0,30.2,4.7,0.0,0,,,,,,,,,,
8.8,9.3,8.4,53.8,55.7,52.2,0.0,352.0,4.1,0.0,0,,,,,,,,,,
8.4,8.7,8.2,53.8,55.9,52.4,-0.4,327.6,4.6,0.0,0,,,,,,,,,,
8.6,8.8,8.3,54.3,55.5,53.1,-0.1,2.4,3.3,0.0,0,,,,,,,,,,
8.2,8.7,7.7,55.5,57.3,53.6,-0.1,55.5,3.4,0.0,0,,,,,,,,,,
7.2,8.2,6.7,56.6,58.8,54.2,-0.8,345.5,3.0,0.0,0,,,,,,,,,,
5.6,6.9,5.0,59.6,61.2,57.8,-1.6,246.2,1.4,0.0,1,,,,,,,,,,
5.7,6.0,5.2,58.7,60.0,57.5,-1.7000000000000002,140.2,1.4,0.0,1,,,,,,,,,,
6.1,6.4,5.7,57.4,58.5,56.3,-1.7000000000000002,87.7,2.2,0.0,1,,,,,,,,,,
5.0,5.6,4.4,61.7,63.3,59.3,-1.7000000000000002,150.6,2.6,0.0,1,,,,,,,,,,
4.2,5.2,2.7,64.2,70.7,59.1,-1.9,80.2,4.5,0.0,1,,,,,,,,,,
3.0,3.4,2.5,68.9,71.1,67.2,-2.1,107.0,4.5,0.0,2,,,,,,,,,,
3.4,3.8,3.2,66.8,67.6,65.2,-2.2,131.8,3.7,0.0,1,,,,,,,,,,
3.9,4.1,3.5,63.4,65.0,61.9,-2.4,153.4,3.4,0.0,1,,,,,,,,,,
3.2,3.9,2.4,65.0,68.7,62.7,-2.7,254.7,1.9,0.0,1,,,,,,,,,,
2.2,2.6,1.8,69.5,73.3,67.0,-2.8,196.9,2.7,0.0,3,,,,,,,,,,
1.6,1.9,1.0,74.7,77.0,73.6,-2.4,196.8,4.0,0.0,5,,,,,,,,,,
1.5,1.9,0.9,74.3,76.0,73.4,-2.6,204.9,3.6,0.0,4,,,,,,,,,,
1.0,1.2,0.8,76.1,77.1,75.4,-2.7,156.3,2.5,0.0,9,,,,,,,,,,
0.5,1.0,-0.1,77.5,80.3,75.9,-3.0,146.7,2.7,0.0,10,,,,,,,,,,
0.5,1.0,-0.1,77.2,79.5,74.8,-3.0,233.6,3.1,0.0,10,,,,,,,,,,
0.6000000000000001,1.0,0.30000000000000004,75.8,76.9,75.0,-3.2,222.7,2.5,0.0,10,,,,,,,,,,
0.1,0.2,-0.1,78.0,78.7,77.4,-3.3,226.9,2.0,0.0,10,,,,,,,,,,
-0.5,-0.1,-0.9,79.9,82.3,78.6,-3.5,240.8,1.2,0.0,10,,,,,,,,,,
-0.6000000000000001,-0.5,-0.9,80.9,82.5,79.5,-3.5,249.0,1.1,0.0,10,,,,,,,,,,
-0.6000000000000001,-0.5,-0.8,80.4,81.5,79.3,-3.6,175.2,2.3,0.0,10,,,,,,,,,,
-1.3,-0.9,-1.6,83.5,85.0,80.8,-3.7,171.5,1.2,0.0,10,,,,,,,,,,
-0.9,-0.7000000000000001,-1.1,82.1,84.3,80.9,-3.6,243.3,1.6,0.0,10,,,,,,,,,,
-0.9,-0.7000000000000001,-1.2,81.1,82.9,80.1,-3.7,290.7,1.7000000000000002,0.0,10,,,,,,,,,,
-1.3,-1.1,-1.8,84.1,86.3,82.4,-3.6,258.3,1.9,0.0,10,,,,,,,,,,
-1.5,-1.0,-2.1,85.4,87.7,82.8,-3.6,312.1,1.4,0.0,10,,,,,,,,,,
-1.9,-1.6,-2.2,87.4,89.0,85.5,-3.7,167.7,1.1,0.0,10,,,,,,,,,,
-2.1,-1.6,-2.7,88.3,91.2,86.6,-3.8,149.0,0.4,0.0,10,,,,,,,,,,
-2.0,-1.6,-2.4,88.7,90.9,85.1,-3.6,273.0,3.2,0.0,10,,,,,,,,,,
-2.1,-1.7000000000000002,-2.5,87.9,89.4,85.5,-3.8,209.3,3.1,0.0,10,,,,,,,,,,
-2.5,-2.3,-2.7,89.1,90.7,87.9,-4.0,63.0,2.5,0.0,10,,,,,,,,,,
-3.0,-2.7,-3.5,91.0,91.9,89.4,-4.3,147.8,0.9,0.0,10,,,,,,,,,,
-3.1,-2.0,-3.7,94.6,96.4,91.4,-3.8,165.9,1.4,0.0,10,0.0,0.0,0.0,0.0,0.0,0.0,0.0,0.0,0.0,0.0
-1.0,-0.1,-1.8,86.0,90.1,82.9,-3.0,22.6,2.9,0.0,10,0.0,0.0,0.0,0.0,0.0,0.0,0.0,0.0,0.0,0.0
0.1,0.8,-0.8,80.4,87.4,74.7,-2.9,304.2,1.3,0.0,10,0.0,0.0,0.0,0.0,0.0,0.0,0.0,0.0,0.0,0.0
1.8,3.5,0.2,71.6,76.8,64.6,-2.8,70.1,0.6000000000000001,0.0,10,0.0,0.0,0.0,0.0,0.0,0.0,0.0,0.0,0.0,0.0
1.9,4.2,0.9,71.4,75.6,62.2,-2.7,343.6,3.1,0.0,1,0.0,0.0,0.0,0.0,0.0,0.0,0.0,0.0,0.0,0.0
2.4,3.3,1.8,70.4,73.2,67.6,-2.4,329.1,4.4,0.0,0,0.0,0.0,0.0,0.0,0.0,0.0,0.0,0.0,0.0,0.0
2.6,3.5,1.7000000000000002,73.7,77.3,71.6,-1.6,326.7,4.7,0.0,0,0.0,0.0,0.0,0.0,0.0,0.0,0.0,0.0,0.0,0.0
4.3,5.1,3.4,72.8,75.3,70.8,-0.1,329.5,4.4,0.0,0,0.0,0.0,0.0,0.0,0.0,0.0,0.0,0.0,0.0,0.0
5.2,5.6,4.5,70.0,72.1,67.4,0.2,323.9,5.0,0.0,0,0.0,0.0,0.0,0.0,0.0,0.0,0.0,0.0,0.0,0.0
6.4,7.8,5.6,62.9,69.2,53.4,-0.1,181.1,7.5,0.0,0,0.0,0.0,0.0,0.0,0.0,0.0,0.0,0.0,0.0,0.0
8.3,8.7,7.7,52.3,54.4,50.4,-0.9,147.5,7.7,0.0,0,0.0,0.0,0.0,0.0,0.0,0.0,0.0,0.0,0.0,0.0
8.5,8.8,8.1,50.3,52.3,48.1,-1.2,190.1,7.3,0.0,0,0.0,0.0,0.0,0.0,0.0,0.0,0.0,0.0,0.0,0.0
8.8,9.4,8.5,48.7,49.9,47.6,-1.4,98.3,6.6,0.0,0,0.0,0.0,0.0,0.0,0.0,0.0,0.0,0.0,0.0,0.0
8.6,8.9,8.2,47.4,49.2,46.4,-1.9,186.0,9.0,0.0,0,0.0,0.0,0.0,0.0,0.0,0.0,0.0,0.0,0.0,0.0
8.4,8.6,8.1,46.9,48.6,45.6,-2.2,148.9,9.6,0.0,0,0.0,0.0,0.0,0.0,0.0,0.0,0.0,0.0,0.0,0.0
8.1,8.3,7.9,49.6,50.8,47.6,-1.8,146.5,7.3,0.0,0,0.0,0.0,0.0,0.0,0.0,0.0,0.0,0.0,0.0,0.0
7.7,8.1,7.3,52.3,53.9,49.9,-1.4,133.7,6.4,0.0,0,0.0,0.0,0.0,0.0,0.0,0.0,0.0,0.0,0.0,0.0
6.3,6.9,5.8,56.4,57.7,54.6,-1.7000000000000002,128.4,5.9,0.0,0,0.0,0.0,0.0,0.0,0.0,0.0,0.0,0.0,0.0,0.0
5.6,5.9,5.1,58.5,61.0,57.2,-1.9,113.2,6.7,0.0,0,0.0,0.0,0.0,0.0,0.0,0.0,0.0,0.0,0.0,0.0
5.0,5.2,4.9,62.3,63.7,61.0,-1.6,142.6,7.5,0.0,0,0.0,0.0,0.0,0.0,0.0,0.0,0.0,0.0,0.0,0.0
4.7,4.9,4.6,64.5,65.1,63.6,-1.4,106.6,6.3,0.0,0,0.0,0.0,0.0,0.0,0.0,0.0,0.0,0.0,0.0,0.0
4.4,4.7,3.9,66.3,67.5,65.1,-1.3,144.4,6.7,0.0,0,0.0,0.0,0.0,0.0,0.0,0.0,0.0,0.0,0.0,0.0
3.9,4.2,3.5,69.1,71.0,67.7,-1.2,130.7,7.2,0.0,0,0.0,0.0,0.0,0.0,0.0,0.0,0.0,0.0,0.0,0.0
3.1,3.7,2.8,72.4,73.7,71.0,-1.4,194.2,4.2,0.0,1,0.0,0.0,0.0,0.0,0.0,0.0,0.0,0.0,0.0,0.0
2.7,2.9,2.5,73.8,74.6,72.5,-1.5,154.5,2.3,0.0,4,0.0,0.0,0.0,0.0,0.0,0.0,0.0,0.0,0.0,0.0
2.3,2.6,2.0,76.1,77.1,75.0,-1.5,268.6,1.5,0.0,9,0.0,0.0,0.0,0.0,0.0,0.0,0.0,0.0,0.0,0.0
2.6,2.7,2.5,73.1,75.6,71.9,-1.7000000000000002,120.5,2.7,0.0,5,0.0,0.0,0.0,0.0,0.0,0.0,0.0,0.0,0.0,0.0
2.5,2.8,2.0,72.0,74.6,70.8,-2.0,231.8,2.0,0.0,1,0.0,0.0,0.0,0.0,0.0,0.0,0.0,0.0,0.0,0.0
1.9,2.0,1.7000000000000002,75.1,75.5,74.6,-2.0,242.6,0.0,0.0,10,0.0,0.0,0.0,0.0,0.0,0.0,0.0,0.0,0.0,0.0
2.0,2.3,1.8,75.1,76.2,73.4,-1.9,182.7,1.7000000000000002,0.0,10,0.0,0.0,0.0,0.0,0.0,0.0,0.0,0.0,0.0,0.0
1.0,2.0,0.2,78.7,83.2,74.3,-2.3,236.0,2.5,0.0,10,0.0,0.0,0.0,0.0,0.0,0.0,0.0,0.0,0.0,0.0
0.30000000000000004,0.5,0.1,84.1,84.9,82.8,-2.1,159.4,1.8,0.0,10,0.0,0.0,0.0,0.0,0.0,0.0,0.0,0.0,0.0,0.0
0.30000000000000004,0.6000000000000001,-0.1,83.3,85.6,81.7,-2.2,168.3,3.4,0.0,10,0.0,0.0,0.0,0.0,0.0,0.0,0.0,0.0,0.0,0.0
0.0,0.2,-0.4,85.3,87.5,84.1,-2.2,186.4,0.6000000000000001,0.0,10,0.0,0.0,0.0,0.0,0.0,0.0,0.0,0.0,0.0,0.0
0.1,0.4,-0.1,85.2,86.5,83.6,-2.1,88.9,1.6,0.0,10,0.0,0.0,0.0,0.0,0.0,0.0,0.0,0.0,0.0,0.0
0.1,1.0,-0.5,84.9,87.2,82.3,-2.1,131.7,4.7,0.0,10,0.0,0.0,0.0,0.0,0.0,0.0,0.0,0.0,0.0,0.0
0.30000000000000004,1.0,-0.4,83.4,87.2,80.6,-2.2,213.7,2.0,0.0,10,0.0,0.0,0.0,0.0,0.0,0.0,0.0,0.0,0.0,0.0
0.4,1.0,-0.5,84.2,88.4,81.1,-1.9,48.4,2.6,0.0,10,0.0,0.0,0.0,0.0,0.0,0.0,0.0,0.0,0.0,0.0
0.4,1.0,0.0,83.9,86.2,81.7,-2.0,2.9,2.4,0.0,10,0.0,0.0,0.0,0.0,0.0,0.0,0.0,0.0,0.0,0.0
-0.30000000000000004,0.30000000000000004,-1.4,86.4,91.2,84.1,-2.3,7.7,1.0,0.0,10,0.0,0.0,0.0,0.0,0.0,0.0,0.0,0.0,0.0,0.0
-0.5,0.0,-1.0,87.5,91.4,84.5,-2.3,233.0,3.4,0.0,10,0.0,0.0,0.0,0.0,0.0,0.0,0.0,0.0,0.0,0.0
-0.4,0.2,-1.3,88.0,92.3,83.8,-2.1,175.4,1.5,0.0,10,0.0,0.0,0.0,0.0,0.0,0.0,0.0,0.0,0.0,0.0
-0.1,0.5,-0.7000000000000001,85.6,88.8,82.4,-2.2,145.2,2.7,0.0,10,0.0,0.0,0.0,0.0,0.0,0.0,0.0,0.0,0.0,0.0
-0.5,0.1,-0.9,86.6,89.4,83.5,-2.5,161.6,4.9,0.0,10,0.0,0.0,0.0,0.0,0.0,0.0,0.0,0.0,0.0,0.0
-0.7000000000000001,-0.2,-1.0,89.0,90.5,87.2,-2.3,147.8,3.9,0.0,10,0.0,0.0,0.0,0.0,0.0,0.0,0.0,0.0,0.0,0.0
0.0,0.6000000000000001,-0.9,86.5,90.5,83.1,-2.0,127.5,6.4,0.0,10,0.0,0.0,0.0,0.0,0.0,0.0,0.0,0.0,0.0,0.0
0.2,0.6000000000000001,-0.5,84.5,86.7,82.8,-2.1,95.1,6.7,0.0,10,0.0,0.0,0.0,0.0,0.0,0.0,0.0,0.0,0.0,0.0
-0.6000000000000001,-0.5,-0.7000000000000001,89.1,89.9,87.8,-2.2,89.5,7.1,0.0,10,0.0,0.0,0.0,0.0,0.0,0.0,0.0,0.0,0.0,0.0
-0.1,0.30000000000000004,-0.5,88.0,89.7,86.5,-1.8,97.8,5.4,0.0,10,0.0,0.0,0.0,0.0,0.0,0.0,0.0,0.0,0.0,0.0
0.6000000000000001,1.2,-0.1,85.3,87.3,82.7,-1.6,66.5,5.0,0.0,10,0.0,0.0,0.0,0.0,0.0,0.0,0.0,0.0,0.0,0.0
1.7000000000000002,2.3,0.9,82.3,85.2,79.6,-1.0,93.7,4.8,0.0,10,0.0,0.0,0.0,0.0,0.0,0.0,0.0,0.0,0.0,0.0
2.7,3.0,2.3,78.4,79.4,77.3,-0.7000000000000001,83.0,5.6,0.0,1,0.0,0.0,0.0,0.0,0.0,0.0,0.0,0.0,0.0,0.0
3.8,4.8,3.0,74.4,76.8,69.2,-0.30000000000000004,112.7,4.4,0.0,0,0.0,0.0,0.0,0.0,0.0,0.0,0.0,0.0,0.0,0.0
5.0,5.4,4.9,67.8,69.3,66.0,-0.4,165.5,5.8,0.0,0,0.0,0.0,0.0,0.0,0.0,0.0,0.0,0.0,0.0,0.0
5.2,5.5,4.8,64.3,65.4,62.4,-1.0,169.5,11.7,0.0,0,0.0,0.0,0.0,0.0,0.0,0.0,0.0,0.0,0.0,0.0
5.8,6.1,5.3,61.3,62.7,59.6,-1.0,139.5,12.0,0.0,0,0.0,0.0,0.0,0.0,0.0,0.0,0.0,0.0,0.0,0.0
6.5,6.8,6.2,58.0,59.9,56.0,-1.1,158.7,9.6,0.0,0,0.0,0.0,0.0,0.0,0.0,0.0,0.0,0.0,0.0,0.0
7.0,7.6,6.6,54.2,56.6,51.5,-1.6,174.1,9.5,0.0,0,0.0,0.0,0.0,0.0,0.0,0.0,0.0,0.0,0.0,0.0
7.4,7.7,7.1,49.9,52.1,47.4,-2.3,162.3,14.0,0.0,0,0.0,0.0,0.0,0.0,0.0,0.0,0.0,0.0,0.0,0.0
7.6,8.0,7.3,50.2,51.3,48.2,-2.1,164.6,12.4,0.0,0,0.0,0.0,0.0,0.0,0.0,0.0,0.0,0.0,0.0,0.0
8.0,8.3,7.5,50.8,52.1,49.8,-1.5,192.1,9.1,0.0,0,0.0,0.0,0.0,0.0,0.0,0.0,0.0,0.0,0.0,0.0
7.5,7.7,7.3,52.9,53.6,51.8,-1.5,191.9,9.3,0.0,0,0.0,0.0,0.0,0.0,0.0,0.0,0.0,0.0,0.0,0.0
7.8,8.1,7.5,53.2,54.5,52.2,-1.1,150.3,8.1,0.0,0,0.0,0.0,0.0,0.0,0.0,0.0,0.0,0.0,0.0,0.0
7.7,8.1,7.3,54.9,56.3,52.9,-0.8,149.1,7.9,0.0,0,0.0,0.0,0.0,0.0,0.0,0.0,0.0,0.0,0.0,0.0
6.8,7.3,6.4,58.4,60.0,56.9,-0.8,157.7,8.0,0.0,0,0.0,0.0,0.0,0.0,0.0,0.0,0.0,0.0,0.0,0.0
5.5,6.3,5.1,62.8,63.7,60.3,-1.0,146.4,7.6,0.0,0,0.0,0.0,0.0,0.0,0.0,0.0,0.0,0.0,0.0,0.0
4.8,4.9,4.6,63.2,63.9,61.9,-1.6,143.2,8.3,0.0,0,0.0,0.0,0.0,0.0,0.0,0.0,0.0,0.0,0.0,0.0
4.6,4.7,4.3,62.7,63.3,62.0,-1.9,132.2,9.4,0.0,0,0.0,0.0,0.0,0.0,0.0,0.0,0.0,0.0,0.0,0.0
4.0,4.2,3.8,65.0,67.7,63.5,-2.0,137.6,10.4,0.0,0,0.0,0.0,0.0,0.0,0.0,0.0,0.0,0.0,0.0,0.0
3.4,3.8,3.1,67.6,68.6,66.8,-2.0,171.2,8.3,0.0,0,0.0,0.0,0.0,0.0,0.0,0.0,0.0,0.0,0.0,0.0
3.3,3.4,3.2,66.1,66.7,65.7,-2.4,144.8,7.5,0.0,0,0.0,0.0,0.0,0.0,0.0,0.0,0.0,0.0,0.0,0.0
2.9,3.2,2.6,67.2,68.5,65.8,-2.6,197.1,3.6,0.0,0,0.0,0.0,0.0,0.0,0.0,0.0,0.0,0.0,0.0,0.0
2.7,3.0,2.5,68.8,69.4,68.1,-2.4,137.4,2.6,0.0,2,0.0,0.0,0.0,0.0,0.0,0.0,0.0,0.0,0.0,0.0
2.2,3.2,1.1,70.6,75.5,67.5,-2.6,186.5,1.1,0.0,3,0.0,0.0,0.0,0.0,0.0,0.0,0.0,0.0,0.0,0.0
1.7000000000000002,2.0,1.4,73.0,74.9,71.8,-2.6,255.9,1.2,0.0,10,0.0,0.0,0.0,0.0,0.0,0.0,0.0,0.0,0.0,0.0
1.6,1.9,1.3,73.9,75.2,72.6,-2.5,322.5,1.7000000000000002,0.0,10,0.0,0.0,0.0,0.0,0.0,0.0,0.0,0.0,0.0,0.0
1.2,1.5,0.5,75.7,77.7,74.4,-2.6,132.1,0.6000000000000001,0.0,10,0.0,0.0,0.0,0.0,0.0,0.0,0.0,0.0,0.0,0.0
0.1,0.4,-0.1,80.1,80.9,77.4,-2.9,276.9,1.3,0.0,10,0.0,0.0,0.0,0.0,0.0,0.0,0.0,0.0,0.0,0.0
0.6000000000000001,0.8,0.2,79.5,81.2,78.6,-2.5,80.2,0.8,0.0,10,0.0,0.0,0.0,0.0,0.0,0.0,0.0,0.0,0.0,0.0
0.0,0.30000000000000004,-0.1,81.3,82.4,79.4,-2.8,139.8,0.0,0.0,10,0.0,0.0,0.0,0.0,0.0,0.0,0.0,0.0,0.0,0.0
